run,split,species_id,f1,recall,precision,support,tier,train_images
resnet18_image_seed3407,image,1,0.9972436604189636,0.9955971381397909,0.9988956377691883,1817,head,8297
resnet18_image_seed3407,image,10,1.0,1.0,1.0,45,mid,225
resnet18_image_seed3407,image,11,1.0,1.0,1.0,14,tail,67
resnet18_image_seed3407,image,12,0.9777777777777777,1.0,0.9565217391304348,22,tail,116
resnet18_image_seed3407,image,13,1.0,1.0,1.0,27,tail,102
resnet18_image_seed3407,image,14,0.9629629629629629,0.9285714285714286,1.0,14,tail,72
resnet18_image_seed3407,image,15,1.0,1.0,1.0,7,tail,26
resnet18_image_seed3407,image,16,1.0,1.0,1.0,31,mid,128
resnet18_image_seed3407,image,2,0.9962825278810409,0.9975186104218362,0.995049504950495,403,head,1872
resnet18_image_seed3407,image,3,0.9944649446494465,1.0,0.9889908256880734,539,head,2509
resnet18_image_seed3407,image,4,1.0,1.0,1.0,607,head,2690
resnet18_image_seed3407,image,5,0.9986859395532195,1.0,0.9973753280839895,380,head,1804
resnet18_image_seed3407,image,6,0.9642857142857143,0.9310344827586207,1.0,29,mid,132
resnet18_image_seed3407,image,7,1.0,1.0,1.0,67,head,328
resnet18_image_seed3407,image,8,0.96875,0.96875,0.96875,32,mid,148
resnet18_image_seed3407,image,9,1.0,1.0,1.0,36,mid,165
resnet18_image_seed2026,image,1,0.9975227085053675,0.9972482113373693,0.9977973568281938,1817,head,8297
resnet18_image_seed2026,image,10,0.9777777777777777,0.9777777777777777,0.9777777777777777,45,mid,225
resnet18_image_seed2026,image,11,1.0,1.0,1.0,14,tail,67
resnet18_image_seed2026,image,12,1.0,1.0,1.0,22,tail,116
resnet18_image_seed2026,image,13,1.0,1.0,1.0,27,tail,102
resnet18_image_seed2026,image,14,0.88,0.7857142857142857,1.0,14,tail,72
resnet18_image_seed2026,image,15,1.0,1.0,1.0,7,tail,26
resnet18_image_seed2026,image,16,1.0,1.0,1.0,31,mid,128
resnet18_image_seed2026,image,2,0.9975247524752475,1.0,0.9950617283950617,403,head,1872
resnet18_image_seed2026,image,3,0.9962894248608535,0.9962894248608535,0.9962894248608535,539,head,2509
resnet18_image_seed2026,image,4,0.9991755976916735,0.9983525535420099,1.0,607,head,2690
resnet18_image_seed2026,image,5,1.0,1.0,1.0,380,head,1804
resnet18_image_seed2026,image,6,0.9830508474576272,1.0,0.9666666666666667,29,mid,132
resnet18_image_seed2026,image,7,0.9925925925925926,1.0,0.9852941176470589,67,head,328
resnet18_image_seed2026,image,8,0.9846153846153847,1.0,0.9696969696969697,32,mid,148
resnet18_image_seed2026,image,9,1.0,1.0,1.0,36,mid,165
resnet18_image_seed17,image,1,0.9972421400992829,0.9950467804072647,0.9994472084024323,1817,head,8297
resnet18_image_seed17,image,10,1.0,1.0,1.0,45,mid,225
resnet18_image_seed17,image,11,1.0,1.0,1.0,14,tail,67
resnet18_image_seed17,image,12,1.0,1.0,1.0,22,tail,116
resnet18_image_seed17,image,13,1.0,1.0,1.0,27,tail,102
resnet18_image_seed17,image,14,0.9629629629629629,0.9285714285714286,1.0,14,tail,72
resnet18_image_seed17,image,15,1.0,1.0,1.0,7,tail,26
resnet18_image_seed17,image,16,1.0,1.0,1.0,31,mid,128
resnet18_image_seed17,image,2,0.9975247524752475,1.0,0.9950617283950617,403,head,1872
resnet18_image_seed17,image,3,0.9944649446494465,1.0,0.9889908256880734,539,head,2509
resnet18_image_seed17,image,4,0.9991769547325103,1.0,0.9983552631578947,607,head,2690
resnet18_image_seed17,image,5,0.9986859395532195,1.0,0.9973753280839895,380,head,1804
resnet18_image_seed17,image,6,0.9824561403508771,0.9655172413793104,1.0,29,mid,132
resnet18_image_seed17,image,7,1.0,1.0,1.0,67,head,328
resnet18_image_seed17,image,8,1.0,1.0,1.0,32,mid,148
resnet18_image_seed17,image,9,1.0,1.0,1.0,36,mid,165
resnet18_track_seed3407,track,1,0.9962677282906196,0.9975087194818136,0.9950298210735586,2007,head,8297
resnet18_track_seed3407,track,10,1.0,1.0,1.0,41,mid,225
resnet18_track_seed3407,track,11,1.0,1.0,1.0,10,tail,67
resnet18_track_seed3407,track,12,0.9230769230769231,0.8571428571428571,1.0,21,tail,116
resnet18_track_seed3407,track,13,0.9857142857142858,0.9857142857142858,0.9857142857142858,70,tail,102
resnet18_track_seed3407,track,14,0.8571428571428571,0.75,1.0,4,tail,72
resnet18_track_seed3407,track,15,1.0,1.0,1.0,11,tail,26
resnet18_track_seed3407,track,16,0.9859154929577465,1.0,0.9722222222222222,35,mid,128
resnet18_track_seed3407,track,2,0.9941656942823804,0.988399071925754,1.0,431,head,1872
resnet18_track_seed3407,track,3,0.9934640522875817,1.0,0.987012987012987,532,head,2509
resnet18_track_seed3407,track,4,0.9984177215189873,1.0,0.9968404423380727,631,head,2690
resnet18_track_seed3407,track,5,0.9946236559139785,0.9946236559139785,0.9946236559139785,372,head,1804
resnet18_track_seed3407,track,6,0.9454545454545454,0.9285714285714286,0.9629629629629629,28,mid,132
resnet18_track_seed3407,track,7,1.0,1.0,1.0,57,head,328
resnet18_track_seed3407,track,8,0.9367088607594937,0.8809523809523809,1.0,42,mid,148
resnet18_track_seed3407,track,9,1.0,1.0,1.0,36,mid,165
resnet18_track_seed2026,track,1,0.9960199004975124,0.9975087194818136,0.994535519125683,2007,head,8297
resnet18_track_seed2026,track,10,1.0,1.0,1.0,41,mid,225
resnet18_track_seed2026,track,11,1.0,1.0,1.0,10,tail,67
resnet18_track_seed2026,track,12,0.95,0.9047619047619048,1.0,21,tail,116
resnet18_track_seed2026,track,13,0.9929078014184397,1.0,0.9859154929577465,70,tail,102
resnet18_track_seed2026,track,14,0.6666666666666666,0.75,0.6,4,tail,72
resnet18_track_seed2026,track,15,0.9565217391304348,1.0,0.9166666666666666,11,tail,26
resnet18_track_seed2026,track,16,1.0,1.0,1.0,35,mid,128
resnet18_track_seed2026,track,2,0.9953379953379954,0.9907192575406032,1.0,431,head,1872
resnet18_track_seed2026,track,3,0.9943502824858758,0.9924812030075187,0.9962264150943396,532,head,2509
resnet18_track_seed2026,track,4,0.9992082343626286,1.0,0.9984177215189873,631,head,2690
resnet18_track_seed2026,track,5,0.9986541049798116,0.9973118279569892,1.0,372,head,1804
resnet18_track_seed2026,track,6,0.9824561403508771,1.0,0.9655172413793104,28,mid,132
resnet18_track_seed2026,track,7,1.0,1.0,1.0,57,head,328
resnet18_track_seed2026,track,8,0.926829268292683,0.9047619047619048,0.95,42,mid,148
resnet18_track_seed2026,track,9,1.0,1.0,1.0,36,mid,165
resnet18_track_seed17,track,1,0.9950149551345963,0.9945191828599901,0.9955112219451372,2007,head,8297
resnet18_track_seed17,track,10,0.9876543209876543,0.975609756097561,1.0,41,mid,225
resnet18_track_seed17,track,11,0.9473684210526315,0.9,1.0,10,tail,67
resnet18_track_seed17,track,12,0.8780487804878049,0.8571428571428571,0.9,21,tail,116
resnet18_track_seed17,track,13,0.9784172661870504,0.9714285714285714,0.9855072463768116,70,tail,102
resnet18_track_seed17,track,14,0.75,0.75,0.75,4,tail,72
resnet18_track_seed17,track,15,1.0,1.0,1.0,11,tail,26
resnet18_track_seed17,track,16,1.0,1.0,1.0,35,mid,128
resnet18_track_seed17,track,2,0.9929906542056075,0.9860788863109049,1.0,431,head,1872
resnet18_track_seed17,track,3,0.9925093632958801,0.9962406015037594,0.9888059701492538,532,head,2509
resnet18_track_seed17,track,4,0.997624703087886,0.9984152139461173,0.9968354430379747,631,head,2690
resnet18_track_seed17,track,5,0.9959623149394348,0.9946236559139785,0.9973045822102425,372,head,1804
resnet18_track_seed17,track,6,0.9473684210526315,0.9642857142857143,0.9310344827586207,28,mid,132
resnet18_track_seed17,track,7,0.9743589743589743,1.0,0.95,57,head,328
resnet18_track_seed17,track,8,0.9195402298850575,0.9523809523809523,0.8888888888888888,42,mid,148
resnet18_track_seed17,track,9,0.9863013698630136,1.0,0.972972972972973,36,mid,165
