index,group_id,mean_correct,evaluated_images,mean_error
654,02::000590959702,0.0,6,1.0
634,01::419664686201,0.0,3,1.0
1190,05::004173476828,0.0,3,1.0
1262,08::003838526180,0.0,3,1.0
1295,14::004527157339,0.0,3,1.0
515,01::004264646967,0.3333333333333333,3,0.6666666666666667
543,01::004347797077,0.3333333333333333,3,0.6666666666666667
1180,05::003882066286,0.3333333333333333,3,0.6666666666666667
1260,08::003453305308,0.3333333333333333,3,0.6666666666666667
1259,08::003405435240,0.5,6,0.5
51,01::000033590001,0.6666666666666666,3,0.33333333333333337
106,01::003406315240,0.6666666666666666,3,0.33333333333333337
235,01::003542995448,0.6666666666666666,3,0.33333333333333337
260,01::003597195595,0.6666666666666666,3,0.33333333333333337
328,01::003745565931,0.6666666666666666,3,0.33333333333333337
483,01::004175266831,0.6666666666666666,3,0.33333333333333337
670,02::003505415383,0.6666666666666666,3,0.33333333333333337
814,02::004718433566,0.6666666666666666,3,0.33333333333333337
818,02::434858707802,0.6666666666666666,3,0.33333333333333337
954,03::004475397254,0.6666666666666666,3,0.33333333333333337
1047,04::003880526278,0.6666666666666666,3,0.33333333333333337
1261,08::003722805870,0.6666666666666666,3,0.33333333333333337
1278,10::004492977264,0.6666666666666666,3,0.33333333333333337
1281,11::003678625781,0.6666666666666666,3,0.33333333333333337
1285,12::003424815280,0.7777777777777778,36,0.2222222222222222
1231,06::000004960001,0.8333333333333334,18,0.16666666666666663
49,01::000029249597,0.8333333333333334,6,0.16666666666666663
167,01::003483455358,0.8333333333333334,6,0.16666666666666663
652,02::000072049596,0.8333333333333334,6,0.16666666666666663
56,01::000051199596,0.8888888888888888,9,0.11111111111111116
994,03::447463725403,0.8888888888888888,9,0.11111111111111116
64,01::000081909598,0.9166666666666666,36,0.08333333333333337
210,01::003515905415,0.9166666666666666,12,0.08333333333333337
682,02::003568265517,0.9166666666666666,12,0.08333333333333337
920,03::004226656913,0.9166666666666666,12,0.08333333333333337
990,03::392615637903,0.9166666666666666,12,0.08333333333333337
1290,13::000002919597,0.9444444444444444,36,0.05555555555555558
649,02::000066819596,0.9523809523809523,42,0.04761904761904767
992,03::421467689003,0.9523809523809523,21,0.04761904761904767
70,01::000111979598,0.9583333333333334,24,0.04166666666666663
852,03::003515705414,0.9629629629629629,27,0.03703703703703709
1254,08::000027230001,0.9649122807017544,57,0.03508771929824561
651,02::000069119596,0.9666666666666667,60,0.033333333333333326
1291,13::000023250001,0.9666666666666667,30,0.033333333333333326
62,01::000069549598,1.0,276,0.0
1004,04::000019749599,1.0,162,0.0
1000,04::000005849599,1.0,153,0.0
1289,13::000001399597,1.0,141,0.0
5,01::000004600001,1.0,138,0.0
73,01::000121259598,1.0,129,0.0
997,04::000000019599,1.0,111,0.0
55,01::000043959598,1.0,96,0.0
1299,16::000000819594,1.0,96,0.0
833,03::000058729596,1.0,93,0.0
1192,05::004191606853,1.0,93,0.0
71,01::000113559598,1.0,81,0.0
1243,07::000013310001,1.0,81,0.0
1007,04::000061579598,1.0,78,0.0
1229,05::004585287429,1.0,75,0.0
78,01::000152499598,1.0,69,0.0
57,01::000052649598,1.0,66,0.0
80,01::000157259598,1.0,66,0.0
830,03::000037509596,1.0,66,0.0
38,01::000022850001,1.0,60,0.0
48,01::000027500001,1.0,57,0.0
1018,04::003554735480,1.0,57,0.0
7,01::000004760001,1.0,54,0.0
82,01::000420000101,1.0,54,0.0
1104,04::004285927001,1.0,54,0.0
8,01::000005299598,1.0,51,0.0
36,01::000022080001,1.0,51,0.0
196,01::003501655379,1.0,51,0.0
461,01::004127386756,1.0,51,0.0
576,01::004461777244,1.0,48,0.0
1082,04::004236946932,1.0,48,0.0
16,01::000007289598,1.0,45,0.0
52,01::000033649598,1.0,45,0.0
548,01::004359087102,1.0,45,0.0
1170,05::003752925961,1.0,45,0.0
1222,05::004496577272,1.0,45,0.0
1008,04::000144589598,1.0,42,0.0
1017,04::003554595480,1.0,42,0.0
13,01::000007010001,1.0,39,0.0
24,01::000016069598,1.0,39,0.0
29,01::000017750001,1.0,39,0.0
61,01::000067959598,1.0,39,0.0
67,01::000094579598,1.0,39,0.0
860,03::003548875463,1.0,39,0.0
1263,09::003486045363,1.0,39,0.0
1274,10::003953286451,1.0,39,0.0
10,01::000006910001,1.0,36,0.0
838,03::003427435288,1.0,36,0.0
1011,04::003421475277,1.0,36,0.0
1198,05::004262726961,1.0,36,0.0
1202,05::004283316991,1.0,36,0.0
0,01::000004310001,1.0,33,0.0
218,01::003525065417,1.0,33,0.0
825,03::000025940001,1.0,33,0.0
917,03::004214566890,1.0,33,0.0
1153,05::003481615355,1.0,33,0.0
1164,05::003589025576,1.0,33,0.0
1212,05::004353787082,1.0,33,0.0
35,01::000021960001,1.0,30,0.0
45,01::000026560001,1.0,30,0.0
60,01::000066469598,1.0,30,0.0
459,01::004127086756,1.0,30,0.0
571,01::004460907244,1.0,30,0.0
577,01::004461937244,1.0,30,0.0
648,02::000066209596,1.0,30,0.0
1080,04::004208706881,1.0,30,0.0
1098,04::004283386992,1.0,30,0.0
17,01::000007330001,1.0,27,0.0
43,01::000026220001,1.0,27,0.0
114,01::003425655286,1.0,27,0.0
202,01::003506715386,1.0,27,0.0
782,02::004427357186,1.0,27,0.0
858,03::003526625419,1.0,27,0.0
1005,04::000021189599,1.0,27,0.0
1012,04::003421825277,1.0,27,0.0
1174,05::003800476101,1.0,27,0.0
1213,05::004353947082,1.0,27,0.0
1215,05::004373187108,1.0,27,0.0
3,01::000004510001,1.0,24,0.0
4,01::000004550001,1.0,24,0.0
111,01::003421915277,1.0,24,0.0
113,01::003425585286,1.0,24,0.0
162,01::003474535342,1.0,24,0.0
188,01::003497435374,1.0,24,0.0
197,01::003501785378,1.0,24,0.0
241,01::003550305470,1.0,24,0.0
407,01::003939816416,1.0,24,0.0
469,01::004135696774,1.0,24,0.0
573,01::004461227244,1.0,24,0.0
637,02::000013130001,1.0,24,0.0
645,02::000030589596,1.0,24,0.0
647,02::000049479596,1.0,24,0.0
723,02::003755315976,1.0,24,0.0
785,02::004427627186,1.0,24,0.0
803,02::004527057339,1.0,24,0.0
855,03::003516435414,1.0,24,0.0
912,03::004200616867,1.0,24,0.0
979,03::004591637447,1.0,24,0.0
1025,04::003591195585,1.0,24,0.0
1065,04::004182896838,1.0,24,0.0
1158,05::003571905521,1.0,24,0.0
1167,05::003631775663,1.0,24,0.0
2,01::000004450001,1.0,21,0.0
14,01::000007030001,1.0,21,0.0
21,01::000013520001,1.0,21,0.0
32,01::000021730001,1.0,21,0.0
63,01::000080409598,1.0,21,0.0
66,01::000090079598,1.0,21,0.0
181,01::003493985369,1.0,21,0.0
246,01::003556575482,1.0,21,0.0
427,01::004094416724,1.0,21,0.0
467,01::004133706771,1.0,21,0.0
528,01::004296357022,1.0,21,0.0
639,02::000013630001,1.0,21,0.0
834,03::001343000103,1.0,21,0.0
871,03::003651925728,1.0,21,0.0
873,03::003705695838,1.0,21,0.0
876,03::003717485859,1.0,21,0.0
1001,04::000010919599,1.0,21,0.0
1200,05::004263366961,1.0,21,0.0
1230,06::000004900001,1.0,21,0.0
1253,08::000027190001,1.0,21,0.0
1271,10::003478695350,1.0,21,0.0
1,01::000004420001,1.0,18,0.0
11,01::000006930001,1.0,18,0.0
40,01::000023740001,1.0,18,0.0
44,01::000026440001,1.0,18,0.0
65,01::000084239598,1.0,18,0.0
69,01::000111759598,1.0,18,0.0
83,01::000717000101,1.0,18,0.0
129,01::003433675293,1.0,18,0.0
154,01::003453775309,1.0,18,0.0
406,01::003935286408,1.0,18,0.0
456,01::004126656756,1.0,18,0.0
498,01::004211586888,1.0,18,0.0
599,01::004521627324,1.0,18,0.0
631,01::344736530501,1.0,18,0.0
640,02::000025779596,1.0,18,0.0
644,02::000027440001,1.0,18,0.0
653,02::000072589596,1.0,18,0.0
667,02::003483755358,1.0,18,0.0
676,02::003527625419,1.0,18,0.0
684,02::003576865534,1.0,18,0.0
703,02::003705555838,1.0,18,0.0
746,02::004093036722,1.0,18,0.0
786,02::004427637186,1.0,18,0.0
914,03::004213516890,1.0,18,0.0
974,03::004557907383,1.0,18,0.0
1002,04::000013999599,1.0,18,0.0
1006,04::000022119599,1.0,18,0.0
1013,04::003422045277,1.0,18,0.0
1064,04::004182766838,1.0,18,0.0
1113,04::004341137063,1.0,18,0.0
1130,04::004449647202,1.0,18,0.0
1148,04::004589457441,1.0,18,0.0
1176,05::003804106104,1.0,18,0.0
1179,05::003869496241,1.0,18,0.0
1209,05::004343217065,1.0,18,0.0
1218,05::004376227108,1.0,18,0.0
1219,05::004476147256,1.0,18,0.0
1244,07::000013410001,1.0,18,0.0
1250,07::004270246972,1.0,18,0.0
1276,10::004402247135,1.0,18,0.0
1287,12::004193556855,1.0,18,0.0
1298,15::003921366366,1.0,18,0.0
6,01::000004640001,1.0,15,0.0
9,01::000005909598,1.0,15,0.0
12,01::000006950001,1.0,15,0.0
26,01::000017350001,1.0,15,0.0
46,01::000026700001,1.0,15,0.0
53,01::000034250001,1.0,15,0.0
81,01::000171869598,1.0,15,0.0
84,01::001394000101,1.0,15,0.0
85,01::003379685208,1.0,15,0.0
121,01::003430265290,1.0,15,0.0
163,01::003474605342,1.0,15,0.0
171,01::003490205366,1.0,15,0.0
177,01::003493555369,1.0,15,0.0
192,01::003500965378,1.0,15,0.0
195,01::003501455378,1.0,15,0.0
200,01::003506000101,1.0,15,0.0
234,01::003541885448,1.0,15,0.0
256,01::003590585585,1.0,15,0.0
277,01::003628065657,1.0,15,0.0
280,01::003633295671,1.0,15,0.0
281,01::003645435716,1.0,15,0.0
390,01::003895156309,1.0,15,0.0
410,01::003940106416,1.0,15,0.0
457,01::004126906756,1.0,15,0.0
492,01::004192726854,1.0,15,0.0
589,01::004502197285,1.0,15,0.0
613,01::004559087385,1.0,15,0.0
642,02::000026830001,1.0,15,0.0
655,02::003380915211,1.0,15,0.0
788,02::004432307191,1.0,15,0.0
826,03::000027240001,1.0,15,0.0
829,03::000033950001,1.0,15,0.0
832,03::000058399596,1.0,15,0.0
851,03::003515325414,1.0,15,0.0
868,03::003641785707,1.0,15,0.0
886,03::003809246114,1.0,15,0.0
895,03::003871826248,1.0,15,0.0
901,03::003925586379,1.0,15,0.0
926,03::004270066972,1.0,15,0.0
933,03::004276786978,1.0,15,0.0
959,03::004503367286,1.0,15,0.0
962,03::004519627323,1.0,15,0.0
1014,04::003539755441,1.0,15,0.0
1034,04::003759875985,1.0,15,0.0
1059,04::004172826828,1.0,15,0.0
1063,04::004182586838,1.0,15,0.0
1074,04::004205336876,1.0,15,0.0
1076,04::004206516878,1.0,15,0.0
1084,04::004236966932,1.0,15,0.0
1087,04::004237306932,1.0,15,0.0
1116,04::004341497063,1.0,15,0.0
1131,04::004449657202,1.0,15,0.0
1161,05::003572045521,1.0,15,0.0
1184,05::003924256368,1.0,15,0.0
1210,05::004353767082,1.0,15,0.0
1216,05::004375257108,1.0,15,0.0
1226,05::004559387385,1.0,15,0.0
1245,07::000026140001,1.0,15,0.0
1268,09::004413277149,1.0,15,0.0
1269,09::004413297149,1.0,15,0.0
23,01::000015280001,1.0,12,0.0
30,01::000017880001,1.0,12,0.0
33,01::000021890001,1.0,12,0.0
39,01::000023430001,1.0,12,0.0
42,01::000023830001,1.0,12,0.0
72,01::000121069598,1.0,12,0.0
101,01::003397375231,1.0,12,0.0
112,01::003425465286,1.0,12,0.0
124,01::003430475290,1.0,12,0.0
133,01::003434025293,1.0,12,0.0
140,01::003446365306,1.0,12,0.0
145,01::003447375306,1.0,12,0.0
146,01::003447565306,1.0,12,0.0
152,01::003453725309,1.0,12,0.0
157,01::003458685315,1.0,12,0.0
170,01::003490105366,1.0,12,0.0
173,01::003490685366,1.0,12,0.0
187,01::003497395374,1.0,12,0.0
211,01::003516345414,1.0,12,0.0
222,01::003535215429,1.0,12,0.0
231,01::003535675429,1.0,12,0.0
238,01::003550035470,1.0,12,0.0
240,01::003550265470,1.0,12,0.0
243,01::003552555472,1.0,12,0.0
304,01::003690385794,1.0,12,0.0
324,01::003730775880,1.0,12,0.0
348,01::003791286075,1.0,12,0.0
385,01::003891776306,1.0,12,0.0
388,01::003892276306,1.0,12,0.0
413,01::003943726429,1.0,12,0.0
426,01::004086236713,1.0,12,0.0
435,01::004096116724,1.0,12,0.0
446,01::004106016731,1.0,12,0.0
462,01::004131856766,1.0,12,0.0
472,01::004147446796,1.0,12,0.0
480,01::004160536811,1.0,12,0.0
486,01::004176356832,1.0,12,0.0
568,01::004457977223,1.0,12,0.0
617,01::004571577407,1.0,12,0.0
635,01::422726691301,1.0,12,0.0
753,02::004154156805,1.0,12,0.0
776,02::004415177150,1.0,12,0.0
777,02::004415237150,1.0,12,0.0
781,02::004427277186,1.0,12,0.0
784,02::004427617186,1.0,12,0.0
806,02::004547767374,1.0,12,0.0
820,03::000010199596,1.0,12,0.0
824,03::000020430001,1.0,12,0.0
845,03::003446675305,1.0,12,0.0
850,03::003473865342,1.0,12,0.0
857,03::003525755417,1.0,12,0.0
864,03::003586445569,1.0,12,0.0
872,03::003681445782,1.0,12,0.0
890,03::003839836184,1.0,12,0.0
906,03::004154806805,1.0,12,0.0
907,03::004154856805,1.0,12,0.0
925,03::004269966972,1.0,12,0.0
936,03::004288517004,1.0,12,0.0
937,03::004312147038,1.0,12,0.0
956,03::004490627261,1.0,12,0.0
977,03::004563277390,1.0,12,0.0
987,03::343119529103,1.0,12,0.0
989,03::376462599703,1.0,12,0.0
998,04::000003139599,1.0,12,0.0
1039,04::003773906016,1.0,12,0.0
1040,04::003773966016,1.0,12,0.0
1052,04::003911006343,1.0,12,0.0
1054,04::004086196713,1.0,12,0.0
1057,04::004101876728,1.0,12,0.0
1068,04::004193726855,1.0,12,0.0
1081,04::004208736881,1.0,12,0.0
1083,04::004236956932,1.0,12,0.0
1091,04::004237946932,1.0,12,0.0
1096,04::004260136960,1.0,12,0.0
1122,04::004402237134,1.0,12,0.0
1136,04::004496167271,1.0,12,0.0
1146,04::004567907400,1.0,12,0.0
1177,05::003869396241,1.0,12,0.0
1178,05::003869456241,1.0,12,0.0
1186,05::003949556446,1.0,12,0.0
1191,05::004191226853,1.0,12,0.0
1199,05::004263196961,1.0,12,0.0
1203,05::004283376991,1.0,12,0.0
1204,05::004283556991,1.0,12,0.0
1227,05::004570997405,1.0,12,0.0
1232,06::000420000106,1.0,12,0.0
1255,08::000037699596,1.0,12,0.0
1267,09::003917936356,1.0,12,0.0
1272,10::003478935350,1.0,12,0.0
1275,10::004402207135,1.0,12,0.0
1296,15::003486035363,1.0,12,0.0
20,01::000013500001,1.0,9,0.0
37,01::000022699598,1.0,9,0.0
47,01::000026950001,1.0,9,0.0
58,01::000053049598,1.0,9,0.0
59,01::000057229596,1.0,9,0.0
98,01::003394885228,1.0,9,0.0
110,01::003421175277,1.0,9,0.0
119,01::003426225286,1.0,9,0.0
122,01::003430365290,1.0,9,0.0
132,01::003433965293,1.0,9,0.0
136,01::003434335293,1.0,9,0.0
138,01::003442475300,1.0,9,0.0
142,01::003446985306,1.0,9,0.0
151,01::003452925308,1.0,9,0.0
165,01::003480415354,1.0,9,0.0
169,01::003489895366,1.0,9,0.0
176,01::003493535369,1.0,9,0.0
182,01::003494085369,1.0,9,0.0
198,01::003502065378,1.0,9,0.0
213,01::003517195415,1.0,9,0.0
216,01::003523195417,1.0,9,0.0
227,01::003535425429,1.0,9,0.0
255,01::003586625569,1.0,9,0.0
292,01::003658155752,1.0,9,0.0
310,01::003698265825,1.0,9,0.0
319,01::003714665855,1.0,9,0.0
333,01::003767946001,1.0,9,0.0
339,01::003780616038,1.0,9,0.0
352,01::003796816085,1.0,9,0.0
365,01::003825916156,1.0,9,0.0
386,01::003892146306,1.0,9,0.0
399,01::003919356360,1.0,9,0.0
408,01::003939916416,1.0,9,0.0
409,01::003939966416,1.0,9,0.0
430,01::004095076724,1.0,9,0.0
434,01::004095936724,1.0,9,0.0
436,01::004096226724,1.0,9,0.0
437,01::004099446726,1.0,9,0.0
460,01::004127126756,1.0,9,0.0
464,01::004132046766,1.0,9,0.0
470,01::004136286774,1.0,9,0.0
487,01::004176536832,1.0,9,0.0
489,01::004185896842,1.0,9,0.0
491,01::004188816845,1.0,9,0.0
496,01::004210986888,1.0,9,0.0
502,01::004230936916,1.0,9,0.0
508,01::004244556944,1.0,9,0.0
521,01::004286237003,1.0,9,0.0
526,01::004296087022,1.0,9,0.0
539,01::004342787065,1.0,9,0.0
550,01::004361107106,1.0,9,0.0
565,01::004431107190,1.0,9,0.0
569,01::004458037223,1.0,9,0.0
593,01::004503257286,1.0,9,0.0
638,02::000013560001,1.0,9,0.0
641,02::000026820001,1.0,9,0.0
668,02::003494775372,1.0,9,0.0
674,02::003517545415,1.0,9,0.0
708,02::003708865845,1.0,9,0.0
717,02::003725615873,1.0,9,0.0
732,02::003804986105,1.0,9,0.0
771,02::004360517105,1.0,9,0.0
787,02::004432147191,1.0,9,0.0
789,02::004432847191,1.0,9,0.0
800,02::004519597323,1.0,9,0.0
801,02::004524057333,1.0,9,0.0
807,02::004547917374,1.0,9,0.0
808,02::004548177374,1.0,9,0.0
812,02::004592687447,1.0,9,0.0
816,02::389955632002,1.0,9,0.0
819,02::460110745502,1.0,9,0.0
822,03::000013760001,1.0,9,0.0
827,03::000027459596,1.0,9,0.0
835,03::002626000103,1.0,9,0.0
849,03::003470905337,1.0,9,0.0
853,03::003516005414,1.0,9,0.0
862,03::003563435500,1.0,9,0.0
870,03::003651755728,1.0,9,0.0
879,03::003725035873,1.0,9,0.0
916,03::004214476890,1.0,9,0.0
931,03::004273446975,1.0,9,0.0
938,03::004313357038,1.0,9,0.0
943,03::004342047064,1.0,9,0.0
948,03::004388817119,1.0,9,0.0
968,03::004524447333,1.0,9,0.0
976,03::004563207390,1.0,9,0.0
983,03::004600607455,1.0,9,0.0
985,03::004661083561,1.0,9,0.0
988,03::365159572803,1.0,9,0.0
991,03::419664686203,1.0,9,0.0
996,03::466243356103,1.0,9,0.0
1003,04::000016909599,1.0,9,0.0
1010,04::003419825275,1.0,9,0.0
1030,04::003696665808,1.0,9,0.0
1035,04::003760035985,1.0,9,0.0
1038,04::003773736016,1.0,9,0.0
1071,04::004204746876,1.0,9,0.0
1086,04::004237176933,1.0,9,0.0
1088,04::004237446932,1.0,9,0.0
1099,04::004283546992,1.0,9,0.0
1128,04::004427387187,1.0,9,0.0
1133,04::004449837202,1.0,9,0.0
1143,04::004525297335,1.0,9,0.0
1150,05::003424575280,1.0,9,0.0
1154,05::003481975355,1.0,9,0.0
1155,05::003503425380,1.0,9,0.0
1156,05::003533665426,1.0,9,0.0
1157,05::003533965426,1.0,9,0.0
1159,05::003571955521,1.0,9,0.0
1160,05::003572035521,1.0,9,0.0
1163,05::003589015576,1.0,9,0.0
1166,05::003631415663,1.0,9,0.0
1181,05::003902996328,1.0,9,0.0
1182,05::003903486328,1.0,9,0.0
1193,05::004209336885,1.0,9,0.0
1197,05::004262586961,1.0,9,0.0
1214,05::004372977108,1.0,9,0.0
1251,07::004270436972,1.0,9,0.0
1257,08::002667000108,1.0,9,0.0
1258,08::003385105218,1.0,9,0.0
1264,09::003527485419,1.0,9,0.0
1266,09::003542955448,1.0,9,0.0
1273,10::003778306032,1.0,9,0.0
1277,10::004402327135,1.0,9,0.0
1279,11::000057549598,1.0,9,0.0
1280,11::003427675288,1.0,9,0.0
15,01::000007230001,1.0,6,0.0
18,01::000007500001,1.0,6,0.0
19,01::000013170001,1.0,6,0.0
28,01::000017440001,1.0,6,0.0
31,01::000021379597,1.0,6,0.0
34,01::000021910001,1.0,6,0.0
68,01::000102409598,1.0,6,0.0
74,01::000126109598,1.0,6,0.0
77,01::000151499598,1.0,6,0.0
79,01::000155699598,1.0,6,0.0
86,01::003379705208,1.0,6,0.0
88,01::003379835208,1.0,6,0.0
91,01::003387725222,1.0,6,0.0
92,01::003387815222,1.0,6,0.0
96,01::003391895225,1.0,6,0.0
105,01::003406265240,1.0,6,0.0
108,01::003419415275,1.0,6,0.0
117,01::003426185286,1.0,6,0.0
120,01::003430115290,1.0,6,0.0
130,01::003433695293,1.0,6,0.0
135,01::003434315293,1.0,6,0.0
139,01::003446295306,1.0,6,0.0
143,01::003447045306,1.0,6,0.0
150,01::003452915308,1.0,6,0.0
166,01::003480465354,1.0,6,0.0
168,01::003489855366,1.0,6,0.0
174,01::003490745366,1.0,6,0.0
180,01::003493925369,1.0,6,0.0
190,01::003497985374,1.0,6,0.0
191,01::003500925378,1.0,6,0.0
208,01::003515565414,1.0,6,0.0
215,01::003517975416,1.0,6,0.0
217,01::003524075417,1.0,6,0.0
223,01::003535355429,1.0,6,0.0
224,01::003535385429,1.0,6,0.0
229,01::003535555429,1.0,6,0.0
233,01::003540515442,1.0,6,0.0
237,01::003549945470,1.0,6,0.0
247,01::003556665482,1.0,6,0.0
250,01::003562905500,1.0,6,0.0
251,01::003568405517,1.0,6,0.0
257,01::003590815585,1.0,6,0.0
263,01::003604335609,1.0,6,0.0
266,01::003607225612,1.0,6,0.0
267,01::003609795618,1.0,6,0.0
272,01::003616175630,1.0,6,0.0
274,01::003620765640,1.0,6,0.0
287,01::003646145716,1.0,6,0.0
289,01::003657775752,1.0,6,0.0
293,01::003658425752,1.0,6,0.0
300,01::003680735782,1.0,6,0.0
302,01::003689895794,1.0,6,0.0
303,01::003690155794,1.0,6,0.0
313,01::003707215844,1.0,6,0.0
317,01::003713665850,1.0,6,0.0
320,01::003714895855,1.0,6,0.0
325,01::003734585888,1.0,6,0.0
327,01::003745385931,1.0,6,0.0
329,01::003751645959,1.0,6,0.0
334,01::003768016001,1.0,6,0.0
335,01::003776016025,1.0,6,0.0
340,01::003780676038,1.0,6,0.0
341,01::003780816038,1.0,6,0.0
342,01::003780926038,1.0,6,0.0
343,01::003782206043,1.0,6,0.0
345,01::003789636070,1.0,6,0.0
359,01::003805326105,1.0,6,0.0
363,01::003815176124,1.0,6,0.0
364,01::003817426126,1.0,6,0.0
366,01::003826696156,1.0,6,0.0
368,01::003833266168,1.0,6,0.0
370,01::003843506191,1.0,6,0.0
371,01::003843846191,1.0,6,0.0
378,01::003856076225,1.0,6,0.0
380,01::003873856251,1.0,6,0.0
389,01::003895086309,1.0,6,0.0
393,01::003910606343,1.0,6,0.0
397,01::003916066354,1.0,6,0.0
398,01::003916996355,1.0,6,0.0
405,01::003935146408,1.0,6,0.0
419,01::003956506464,1.0,6,0.0
420,01::003961176475,1.0,6,0.0
421,01::003966376489,1.0,6,0.0
425,01::004086216713,1.0,6,0.0
428,01::004094666724,1.0,6,0.0
432,01::004095546724,1.0,6,0.0
433,01::004095886724,1.0,6,0.0
438,01::004099886725,1.0,6,0.0
441,01::004100546726,1.0,6,0.0
442,01::004100726725,1.0,6,0.0
450,01::004120696751,1.0,6,0.0
463,01::004132006766,1.0,6,0.0
465,01::004133626771,1.0,6,0.0
471,01::004139566779,1.0,6,0.0
475,01::004156396808,1.0,6,0.0
479,01::004160386811,1.0,6,0.0
481,01::004172866828,1.0,6,0.0
488,01::004185616842,1.0,6,0.0
499,01::004227346913,1.0,6,0.0
500,01::004230506916,1.0,6,0.0
503,01::004232006918,1.0,6,0.0
514,01::004260786960,1.0,6,0.0
519,01::004276246976,1.0,6,0.0
524,01::004286887004,1.0,6,0.0
549,01::004360917106,1.0,6,0.0
555,01::004380057113,1.0,6,0.0
556,01::004380187113,1.0,6,0.0
561,01::004428637188,1.0,6,0.0
562,01::004428687188,1.0,6,0.0
563,01::004429907190,1.0,6,0.0
567,01::004457917223,1.0,6,0.0
574,01::004461657245,1.0,6,0.0
583,01::004475377254,1.0,6,0.0
584,01::004477007256,1.0,6,0.0
586,01::004497147273,1.0,6,0.0
590,01::004502287285,1.0,6,0.0
592,01::004503127286,1.0,6,0.0
598,01::004521537324,1.0,6,0.0
604,01::004540047360,1.0,6,0.0
606,01::004540647360,1.0,6,0.0
608,01::004543467366,1.0,6,0.0
610,01::004548827375,1.0,6,0.0
612,01::004551587377,1.0,6,0.0
618,01::004573377411,1.0,6,0.0
620,01::004584137425,1.0,6,0.0
622,01::004599137455,1.0,6,0.0
626,01::004714723565,1.0,6,0.0
630,01::342161527701,1.0,6,0.0
632,01::357683553401,1.0,6,0.0
646,02::000040989596,1.0,6,0.0
650,02::000068429596,1.0,6,0.0
659,02::003399965232,1.0,6,0.0
660,02::003405335240,1.0,6,0.0
662,02::003431075291,1.0,6,0.0
685,02::003582735544,1.0,6,0.0
687,02::003617775632,1.0,6,0.0
688,02::003618005632,1.0,6,0.0
690,02::003642155707,1.0,6,0.0
699,02::003680765782,1.0,6,0.0
702,02::003697575818,1.0,6,0.0
706,02::003706045838,1.0,6,0.0
707,02::003708405845,1.0,6,0.0
713,02::003715495857,1.0,6,0.0
714,02::003722275870,1.0,6,0.0
715,02::003722525870,1.0,6,0.0
716,02::003725485873,1.0,6,0.0
719,02::003739245908,1.0,6,0.0
724,02::003755335976,1.0,6,0.0
725,02::003755575976,1.0,6,0.0
726,02::003756325976,1.0,6,0.0
728,02::003772406012,1.0,6,0.0
736,02::003839096184,1.0,6,0.0
744,02::003966256489,1.0,6,0.0
758,02::004195776859,1.0,6,0.0
759,02::004200996866,1.0,6,0.0
765,02::004312577038,1.0,6,0.0
773,02::004413367149,1.0,6,0.0
774,02::004414537149,1.0,6,0.0
775,02::004414977150,1.0,6,0.0
780,02::004427237186,1.0,6,0.0
783,02::004427537186,1.0,6,0.0
792,02::004439197194,1.0,6,0.0
799,02::004503097286,1.0,6,0.0
805,02::004544557366,1.0,6,0.0
810,02::004583757425,1.0,6,0.0
821,03::000011239596,1.0,6,0.0
841,03::003445255304,1.0,6,0.0
842,03::003445305304,1.0,6,0.0
861,03::003563355500,1.0,6,0.0
863,03::003577145534,1.0,6,0.0
865,03::003597685595,1.0,6,0.0
867,03::003621165639,1.0,6,0.0
869,03::003645995716,1.0,6,0.0
882,03::003726085873,1.0,6,0.0
883,03::003726175873,1.0,6,0.0
892,03::003839976184,1.0,6,0.0
900,03::003921816366,1.0,6,0.0
902,03::003926496379,1.0,6,0.0
910,03::004196966862,1.0,6,0.0
915,03::004214186890,1.0,6,0.0
918,03::004223046906,1.0,6,0.0
919,03::004223856906,1.0,6,0.0
921,03::004227496913,1.0,6,0.0
922,03::004227866913,1.0,6,0.0
927,03::004270606972,1.0,6,0.0
929,03::004272966975,1.0,6,0.0
939,03::004313427038,1.0,6,0.0
941,03::004314527038,1.0,6,0.0
942,03::004341817064,1.0,6,0.0
945,03::004342527064,1.0,6,0.0
949,03::004389267119,1.0,6,0.0
951,03::004435657192,1.0,6,0.0
953,03::004472807254,1.0,6,0.0
955,03::004479637258,1.0,6,0.0
957,03::004501937285,1.0,6,0.0
958,03::004502277285,1.0,6,0.0
960,03::004519197323,1.0,6,0.0
966,03::004524077333,1.0,6,0.0
972,03::004557287383,1.0,6,0.0
973,03::004557407383,1.0,6,0.0
982,03::004599647454,1.0,6,0.0
984,03::004601247455,1.0,6,0.0
999,04::000003889599,1.0,6,0.0
1009,04::003414685267,1.0,6,0.0
1015,04::003539995441,1.0,6,0.0
1019,04::003554805480,1.0,6,0.0
1021,04::003554955480,1.0,6,0.0
1022,04::003555055480,1.0,6,0.0
1023,04::003574985530,1.0,6,0.0
1027,04::003663695762,1.0,6,0.0
1029,04::003690245794,1.0,6,0.0
1032,04::003759525985,1.0,6,0.0
1033,04::003759635985,1.0,6,0.0
1043,04::003782606044,1.0,6,0.0
1046,04::003876026262,1.0,6,0.0
1048,04::003903226329,1.0,6,0.0
1049,04::003903346329,1.0,6,0.0
1051,04::003903686329,1.0,6,0.0
1055,04::004086356713,1.0,6,0.0
1062,04::004182576838,1.0,6,0.0
1069,04::004193926855,1.0,6,0.0
1077,04::004206956879,1.0,6,0.0
1089,04::004237476932,1.0,6,0.0
1090,04::004237826932,1.0,6,0.0
1101,04::004283816992,1.0,6,0.0
1105,04::004285947001,1.0,6,0.0
1109,04::004337267054,1.0,6,0.0
1112,04::004340017061,1.0,6,0.0
1118,04::004397737126,1.0,6,0.0
1132,04::004449787202,1.0,6,0.0
1139,04::004497717273,1.0,6,0.0
1141,04::004506847290,1.0,6,0.0
1144,04::004551357377,1.0,6,0.0
1149,04::004594127451,1.0,6,0.0
1152,05::003461525323,1.0,6,0.0
1162,05::003588985576,1.0,6,0.0
1165,05::003590265584,1.0,6,0.0
1169,05::003701535833,1.0,6,0.0
1171,05::003774346021,1.0,6,0.0
1172,05::003796346083,1.0,6,0.0
1173,05::003796356083,1.0,6,0.0
1185,05::003941976420,1.0,6,0.0
1187,05::003955076461,1.0,6,0.0
1188,05::004083096702,1.0,6,0.0
1189,05::004089306717,1.0,6,0.0
1194,05::004209366885,1.0,6,0.0
1196,05::004259986960,1.0,6,0.0
1201,05::004283126991,1.0,6,0.0
1206,05::004311187036,1.0,6,0.0
1207,05::004342297065,1.0,6,0.0
1228,05::004571387405,1.0,6,0.0
1234,06::003549645469,1.0,6,0.0
1239,06::003738745907,1.0,6,0.0
1242,07::000005559596,1.0,6,0.0
1247,07::003445325304,1.0,6,0.0
1249,07::003726325873,1.0,6,0.0
1252,07::453570735607,1.0,6,0.0
1270,09::447513725409,1.0,6,0.0
1286,12::003752795961,1.0,6,0.0
1293,14::002667000114,1.0,6,0.0
1301,16::000016469594,1.0,6,0.0
22,01::000013610001,1.0,3,0.0
25,01::000017230001,1.0,3,0.0
27,01::000017390001,1.0,3,0.0
41,01::000023770001,1.0,3,0.0
50,01::000030069597,1.0,3,0.0
54,01::000034300001,1.0,3,0.0
75,01::000126239598,1.0,3,0.0
76,01::000135129598,1.0,3,0.0
87,01::003379785208,1.0,3,0.0
89,01::003384475218,1.0,3,0.0
90,01::003387715222,1.0,3,0.0
93,01::003391615225,1.0,3,0.0
94,01::003391625225,1.0,3,0.0
95,01::003391695225,1.0,3,0.0
97,01::003391985225,1.0,3,0.0
99,01::003395325228,1.0,3,0.0
100,01::003397135231,1.0,3,0.0
102,01::003398145232,1.0,3,0.0
103,01::003398895232,1.0,3,0.0
104,01::003401835234,1.0,3,0.0
107,01::003413185263,1.0,3,0.0
109,01::003419655275,1.0,3,0.0
115,01::003425805286,1.0,3,0.0
116,01::003426145286,1.0,3,0.0
118,01::003426195286,1.0,3,0.0
123,01::003430445290,1.0,3,0.0
125,01::003433005293,1.0,3,0.0
126,01::003433225293,1.0,3,0.0
127,01::003433335293,1.0,3,0.0
128,01::003433525293,1.0,3,0.0
131,01::003433855293,1.0,3,0.0
134,01::003434055293,1.0,3,0.0
137,01::003434495293,1.0,3,0.0
141,01::003446405306,1.0,3,0.0
144,01::003447275306,1.0,3,0.0
147,01::003447785306,1.0,3,0.0
148,01::003447825306,1.0,3,0.0
149,01::003447835306,1.0,3,0.0
153,01::003453735309,1.0,3,0.0
155,01::003455695311,1.0,3,0.0
156,01::003455985311,1.0,3,0.0
158,01::003469155334,1.0,3,0.0
159,01::003470395337,1.0,3,0.0
160,01::003470565337,1.0,3,0.0
161,01::003474225342,1.0,3,0.0
164,01::003479515351,1.0,3,0.0
172,01::003490635366,1.0,3,0.0
175,01::003490865366,1.0,3,0.0
178,01::003493685369,1.0,3,0.0
179,01::003493855369,1.0,3,0.0
183,01::003494875372,1.0,3,0.0
184,01::003495845372,1.0,3,0.0
185,01::003496015372,1.0,3,0.0
186,01::003496055372,1.0,3,0.0
189,01::003497845374,1.0,3,0.0
193,01::003501125378,1.0,3,0.0
194,01::003501405378,1.0,3,0.0
199,01::003503145380,1.0,3,0.0
201,01::003506245386,1.0,3,0.0
203,01::003506725386,1.0,3,0.0
204,01::003506845386,1.0,3,0.0
205,01::003506905386,1.0,3,0.0
206,01::003508765390,1.0,3,0.0
207,01::003515475414,1.0,3,0.0
209,01::003515735414,1.0,3,0.0
212,01::003516985416,1.0,3,0.0
214,01::003517235415,1.0,3,0.0
219,01::003525555417,1.0,3,0.0
220,01::003527075419,1.0,3,0.0
221,01::003532995422,1.0,3,0.0
225,01::003535405429,1.0,3,0.0
226,01::003535415429,1.0,3,0.0
228,01::003535455429,1.0,3,0.0
230,01::003535585429,1.0,3,0.0
232,01::003540505442,1.0,3,0.0
236,01::003549825470,1.0,3,0.0
239,01::003550195470,1.0,3,0.0
242,01::003550395470,1.0,3,0.0
244,01::003552565472,1.0,3,0.0
245,01::003556505482,1.0,3,0.0
248,01::003556745482,1.0,3,0.0
249,01::003560255495,1.0,3,0.0
252,01::003571355521,1.0,3,0.0
253,01::003571395521,1.0,3,0.0
254,01::003586525569,1.0,3,0.0
258,01::003591015585,1.0,3,0.0
259,01::003591615585,1.0,3,0.0
261,01::003597605595,1.0,3,0.0
262,01::003604315609,1.0,3,0.0
264,01::003604895610,1.0,3,0.0
265,01::003605225609,1.0,3,0.0
268,01::003609825618,1.0,3,0.0
269,01::003615025628,1.0,3,0.0
270,01::003615055628,1.0,3,0.0
271,01::003615065628,1.0,3,0.0
273,01::003620305639,1.0,3,0.0
275,01::003621305640,1.0,3,0.0
276,01::003624875644,1.0,3,0.0
278,01::003628575658,1.0,3,0.0
279,01::003629175658,1.0,3,0.0
282,01::003645525716,1.0,3,0.0
283,01::003645605716,1.0,3,0.0
284,01::003645645716,1.0,3,0.0
285,01::003645715716,1.0,3,0.0
286,01::003645745716,1.0,3,0.0
288,01::003653855736,1.0,3,0.0
290,01::003657995752,1.0,3,0.0
291,01::003658145752,1.0,3,0.0
294,01::003658595752,1.0,3,0.0
295,01::003661695760,1.0,3,0.0
296,01::003665405765,1.0,3,0.0
297,01::003669045772,1.0,3,0.0
298,01::003678275781,1.0,3,0.0
299,01::003678585781,1.0,3,0.0
301,01::003689785794,1.0,3,0.0
305,01::003692285800,1.0,3,0.0
306,01::003693625804,1.0,3,0.0
307,01::003693985804,1.0,3,0.0
308,01::003694105805,1.0,3,0.0
309,01::003695595806,1.0,3,0.0
311,01::003699685827,1.0,3,0.0
312,01::003700695834,1.0,3,0.0
314,01::003707315844,1.0,3,0.0
315,01::003710145846,1.0,3,0.0
316,01::003710535846,1.0,3,0.0
318,01::003713675850,1.0,3,0.0
321,01::003715185857,1.0,3,0.0
322,01::003717735859,1.0,3,0.0
323,01::003725465874,1.0,3,0.0
326,01::003743475926,1.0,3,0.0
330,01::003756105977,1.0,3,0.0
331,01::003762045989,1.0,3,0.0
332,01::003764505997,1.0,3,0.0
336,01::003776516026,1.0,3,0.0
337,01::003778806033,1.0,3,0.0
338,01::003779086033,1.0,3,0.0
344,01::003789526070,1.0,3,0.0
346,01::003790806075,1.0,3,0.0
347,01::003790976075,1.0,3,0.0
349,01::003791306075,1.0,3,0.0
350,01::003791316075,1.0,3,0.0
351,01::003791606075,1.0,3,0.0
353,01::003800446101,1.0,3,0.0
354,01::003800786102,1.0,3,0.0
355,01::003800796101,1.0,3,0.0
356,01::003804686105,1.0,3,0.0
357,01::003805266105,1.0,3,0.0
358,01::003805286105,1.0,3,0.0
360,01::003812836120,1.0,3,0.0
361,01::003813286120,1.0,3,0.0
362,01::003815036124,1.0,3,0.0
367,01::003827646157,1.0,3,0.0
369,01::003839366184,1.0,3,0.0
372,01::003843866191,1.0,3,0.0
373,01::003844006191,1.0,3,0.0
374,01::003846696198,1.0,3,0.0
375,01::003846916198,1.0,3,0.0
376,01::003848916201,1.0,3,0.0
377,01::003852796215,1.0,3,0.0
379,01::003871446248,1.0,3,0.0
381,01::003876496270,1.0,3,0.0
382,01::003878836276,1.0,3,0.0
383,01::003883276287,1.0,3,0.0
384,01::003889026299,1.0,3,0.0
387,01::003892176306,1.0,3,0.0
391,01::003904306330,1.0,3,0.0
392,01::003908926342,1.0,3,0.0
394,01::003910816343,1.0,3,0.0
395,01::003910866343,1.0,3,0.0
396,01::003915996353,1.0,3,0.0
400,01::003926196379,1.0,3,0.0
401,01::003933216402,1.0,3,0.0
402,01::003933516402,1.0,3,0.0
403,01::003934016405,1.0,3,0.0
404,01::003935136408,1.0,3,0.0
411,01::003942176420,1.0,3,0.0
412,01::003943546429,1.0,3,0.0
414,01::003944126429,1.0,3,0.0
415,01::003944186429,1.0,3,0.0
416,01::003949546445,1.0,3,0.0
417,01::003955496462,1.0,3,0.0
418,01::003956416464,1.0,3,0.0
422,01::003976946512,1.0,3,0.0
423,01::004085666713,1.0,3,0.0
424,01::004085866713,1.0,3,0.0
429,01::004094746724,1.0,3,0.0
431,01::004095266724,1.0,3,0.0
439,01::004100066726,1.0,3,0.0
440,01::004100456725,1.0,3,0.0
443,01::004100806725,1.0,3,0.0
444,01::004101146725,1.0,3,0.0
445,01::004105606731,1.0,3,0.0
447,01::004113766745,1.0,3,0.0
448,01::004116756748,1.0,3,0.0
449,01::004117026748,1.0,3,0.0
451,01::004121626751,1.0,3,0.0
452,01::004121816751,1.0,3,0.0
453,01::004122546752,1.0,3,0.0
454,01::004125936756,1.0,3,0.0
455,01::004126306756,1.0,3,0.0
458,01::004126996756,1.0,3,0.0
466,01::004133656772,1.0,3,0.0
468,01::004134016771,1.0,3,0.0
473,01::004147646796,1.0,3,0.0
474,01::004147826798,1.0,3,0.0
476,01::004156626808,1.0,3,0.0
477,01::004156676808,1.0,3,0.0
478,01::004156886808,1.0,3,0.0
482,01::004172986828,1.0,3,0.0
484,01::004175556832,1.0,3,0.0
485,01::004175696832,1.0,3,0.0
490,01::004186036842,1.0,3,0.0
493,01::004195736859,1.0,3,0.0
494,01::004200396867,1.0,3,0.0
495,01::004205306877,1.0,3,0.0
497,01::004211036888,1.0,3,0.0
501,01::004230666916,1.0,3,0.0
504,01::004234046923,1.0,3,0.0
505,01::004234056924,1.0,3,0.0
506,01::004236486931,1.0,3,0.0
507,01::004236576931,1.0,3,0.0
509,01::004258096957,1.0,3,0.0
510,01::004258176957,1.0,3,0.0
511,01::004259966960,1.0,3,0.0
512,01::004260706960,1.0,3,0.0
513,01::004260716960,1.0,3,0.0
516,01::004265026967,1.0,3,0.0
517,01::004275266976,1.0,3,0.0
518,01::004275506976,1.0,3,0.0
520,01::004282606990,1.0,3,0.0
522,01::004286377003,1.0,3,0.0
523,01::004286397003,1.0,3,0.0
525,01::004295927022,1.0,3,0.0
527,01::004296267022,1.0,3,0.0
529,01::004298727027,1.0,3,0.0
530,01::004299957030,1.0,3,0.0
531,01::004312057037,1.0,3,0.0
532,01::004313147038,1.0,3,0.0
533,01::004327827042,1.0,3,0.0
534,01::004332627046,1.0,3,0.0
535,01::004334227049,1.0,3,0.0
536,01::004334597049,1.0,3,0.0
537,01::004338967060,1.0,3,0.0
538,01::004342657065,1.0,3,0.0
540,01::004347227078,1.0,3,0.0
541,01::004347307076,1.0,3,0.0
542,01::004347707078,1.0,3,0.0
544,01::004348107078,1.0,3,0.0
545,01::004349117078,1.0,3,0.0
546,01::004353977082,1.0,3,0.0
547,01::004355097091,1.0,3,0.0
551,01::004361277106,1.0,3,0.0
552,01::004367957107,1.0,3,0.0
553,01::004372337107,1.0,3,0.0
554,01::004373497108,1.0,3,0.0
557,01::004387277118,1.0,3,0.0
558,01::004388707119,1.0,3,0.0
559,01::004409337147,1.0,3,0.0
560,01::004413887149,1.0,3,0.0
564,01::004430167190,1.0,3,0.0
566,01::004452307211,1.0,3,0.0
570,01::004458087223,1.0,3,0.0
572,01::004461177244,1.0,3,0.0
575,01::004461727244,1.0,3,0.0
578,01::004462087244,1.0,3,0.0
579,01::004464997252,1.0,3,0.0
580,01::004474687255,1.0,3,0.0
581,01::004474777254,1.0,3,0.0
582,01::004475017254,1.0,3,0.0
585,01::004497127273,1.0,3,0.0
587,01::004497347273,1.0,3,0.0
588,01::004501907285,1.0,3,0.0
591,01::004502947286,1.0,3,0.0
594,01::004507927292,1.0,3,0.0
595,01::004514057315,1.0,3,0.0
596,01::004519057323,1.0,3,0.0
597,01::004521247324,1.0,3,0.0
600,01::004522017325,1.0,3,0.0
601,01::004527147339,1.0,3,0.0
602,01::004539877360,1.0,3,0.0
603,01::004539977360,1.0,3,0.0
605,01::004540097360,1.0,3,0.0
607,01::004540737360,1.0,3,0.0
609,01::004548507375,1.0,3,0.0
611,01::004549087375,1.0,3,0.0
614,01::004568477401,1.0,3,0.0
615,01::004568577401,1.0,3,0.0
616,01::004569017401,1.0,3,0.0
619,01::004574737412,1.0,3,0.0
621,01::004597877454,1.0,3,0.0
623,01::004599767455,1.0,3,0.0
624,01::004600017454,1.0,3,0.0
625,01::004600077455,1.0,3,0.0
627,01::004714803565,1.0,3,0.0
628,01::004746313559,1.0,3,0.0
629,01::004773533567,1.0,3,0.0
633,01::389955632001,1.0,3,0.0
636,02::000005349596,1.0,3,0.0
643,02::000027430001,1.0,3,0.0
656,02::003388695223,1.0,3,0.0
657,02::003398905232,1.0,3,0.0
658,02::003399105232,1.0,3,0.0
661,02::003406055240,1.0,3,0.0
663,02::003444995304,1.0,3,0.0
664,02::003459535316,1.0,3,0.0
665,02::003461895325,1.0,3,0.0
666,02::003471975339,1.0,3,0.0
669,02::003495885372,1.0,3,0.0
671,02::003509785395,1.0,3,0.0
672,02::003513845411,1.0,3,0.0
673,02::003517495415,1.0,3,0.0
675,02::003526965419,1.0,3,0.0
677,02::003537165434,1.0,3,0.0
678,02::003541925448,1.0,3,0.0
679,02::003542545448,1.0,3,0.0
680,02::003542625448,1.0,3,0.0
681,02::003542975448,1.0,3,0.0
683,02::003568315517,1.0,3,0.0
686,02::003600035598,1.0,3,0.0
689,02::003621075639,1.0,3,0.0
691,02::003651585728,1.0,3,0.0
692,02::003651685728,1.0,3,0.0
693,02::003665715765,1.0,3,0.0
694,02::003666595765,1.0,3,0.0
695,02::003672585773,1.0,3,0.0
696,02::003674355773,1.0,3,0.0
697,02::003674785773,1.0,3,0.0
698,02::003680755782,1.0,3,0.0
700,02::003685945790,1.0,3,0.0
701,02::003686215790,1.0,3,0.0
704,02::003705715838,1.0,3,0.0
705,02::003705775838,1.0,3,0.0
709,02::003708995845,1.0,3,0.0
710,02::003713355850,1.0,3,0.0
711,02::003713365850,1.0,3,0.0
712,02::003714675855,1.0,3,0.0
718,02::003732345882,1.0,3,0.0
720,02::003739265908,1.0,3,0.0
721,02::003739415908,1.0,3,0.0
722,02::003752035959,1.0,3,0.0
727,02::003756695977,1.0,3,0.0
729,02::003772536012,1.0,3,0.0
730,02::003785176052,1.0,3,0.0
731,02::003788926066,1.0,3,0.0
733,02::003819856127,1.0,3,0.0
734,02::003826236157,1.0,3,0.0
735,02::003826666157,1.0,3,0.0
737,02::003839816184,1.0,3,0.0
738,02::003876426270,1.0,3,0.0
739,02::003895096309,1.0,3,0.0
740,02::003917856356,1.0,3,0.0
741,02::003925606379,1.0,3,0.0
742,02::003929796388,1.0,3,0.0
743,02::003961346475,1.0,3,0.0
745,02::003968666494,1.0,3,0.0
747,02::004093076723,1.0,3,0.0
748,02::004094226722,1.0,3,0.0
749,02::004094266722,1.0,3,0.0
750,02::004146406796,1.0,3,0.0
751,02::004147886796,1.0,3,0.0
752,02::004148666796,1.0,3,0.0
754,02::004160346812,1.0,3,0.0
755,02::004161156811,1.0,3,0.0
756,02::004161316811,1.0,3,0.0
757,02::004164716815,1.0,3,0.0
760,02::004216486893,1.0,3,0.0
761,02::004223076906,1.0,3,0.0
762,02::004223916906,1.0,3,0.0
763,02::004272726975,1.0,3,0.0
764,02::004273136975,1.0,3,0.0
766,02::004341677064,1.0,3,0.0
767,02::004347907078,1.0,3,0.0
768,02::004351257079,1.0,3,0.0
769,02::004355047091,1.0,3,0.0
770,02::004355127091,1.0,3,0.0
772,02::004383137117,1.0,3,0.0
778,02::004427167186,1.0,3,0.0
779,02::004427177186,1.0,3,0.0
790,02::004433267191,1.0,3,0.0
791,02::004439067194,1.0,3,0.0
793,02::004439557195,1.0,3,0.0
794,02::004461527245,1.0,3,0.0
795,02::004490407262,1.0,3,0.0
796,02::004491097262,1.0,3,0.0
797,02::004501787285,1.0,3,0.0
798,02::004502687286,1.0,3,0.0
802,02::004526357339,1.0,3,0.0
804,02::004537147356,1.0,3,0.0
809,02::004548237374,1.0,3,0.0
811,02::004592547447,1.0,3,0.0
813,02::004664533562,1.0,3,0.0
815,02::347006533702,1.0,3,0.0
817,02::421467689002,1.0,3,0.0
823,03::000016069596,1.0,3,0.0
828,03::000030379596,1.0,3,0.0
831,03::000058309596,1.0,3,0.0
836,03::003360000103,1.0,3,0.0
837,03::003395135228,1.0,3,0.0
839,03::003432625292,1.0,3,0.0
840,03::003432895292,1.0,3,0.0
843,03::003445645304,1.0,3,0.0
844,03::003446625305,1.0,3,0.0
846,03::003447485305,1.0,3,0.0
847,03::003447985305,1.0,3,0.0
848,03::003448365305,1.0,3,0.0
854,03::003516085414,1.0,3,0.0
856,03::003516495414,1.0,3,0.0
859,03::003542835448,1.0,3,0.0
866,03::003608975615,1.0,3,0.0
874,03::003705945838,1.0,3,0.0
875,03::003708505845,1.0,3,0.0
877,03::003717585859,1.0,3,0.0
878,03::003724795873,1.0,3,0.0
880,03::003725115873,1.0,3,0.0
881,03::003725905873,1.0,3,0.0
884,03::003784446052,1.0,3,0.0
885,03::003805336105,1.0,3,0.0
887,03::003826316157,1.0,3,0.0
888,03::003826756157,1.0,3,0.0
889,03::003839686184,1.0,3,0.0
891,03::003839936184,1.0,3,0.0
893,03::003871476248,1.0,3,0.0
894,03::003871676248,1.0,3,0.0
896,03::003876386270,1.0,3,0.0
897,03::003895416309,1.0,3,0.0
898,03::003921246366,1.0,3,0.0
899,03::003921386366,1.0,3,0.0
903,03::003926536379,1.0,3,0.0
904,03::004154446805,1.0,3,0.0
905,03::004154766805,1.0,3,0.0
908,03::004196616862,1.0,3,0.0
909,03::004196946862,1.0,3,0.0
911,03::004197056862,1.0,3,0.0
913,03::004201146866,1.0,3,0.0
923,03::004265156967,1.0,3,0.0
924,03::004269346972,1.0,3,0.0
928,03::004272836975,1.0,3,0.0
930,03::004273346975,1.0,3,0.0
932,03::004273906975,1.0,3,0.0
934,03::004277166978,1.0,3,0.0
935,03::004286837004,1.0,3,0.0
940,03::004314317038,1.0,3,0.0
944,03::004342237064,1.0,3,0.0
946,03::004355587094,1.0,3,0.0
947,03::004388587119,1.0,3,0.0
950,03::004413517149,1.0,3,0.0
952,03::004437627192,1.0,3,0.0
961,03::004519497323,1.0,3,0.0
963,03::004519657323,1.0,3,0.0
964,03::004519827323,1.0,3,0.0
965,03::004521387325,1.0,3,0.0
967,03::004524377333,1.0,3,0.0
969,03::004535967356,1.0,3,0.0
970,03::004536207356,1.0,3,0.0
971,03::004557167383,1.0,3,0.0
975,03::004559757386,1.0,3,0.0
978,03::004591437447,1.0,3,0.0
980,03::004598117454,1.0,3,0.0
981,03::004599567455,1.0,3,0.0
986,03::004664393562,1.0,3,0.0
993,03::422661691303,1.0,3,0.0
995,03::455805738303,1.0,3,0.0
1016,04::003554565480,1.0,3,0.0
1020,04::003554855480,1.0,3,0.0
1024,04::003585215556,1.0,3,0.0
1026,04::003636415686,1.0,3,0.0
1028,04::003663715762,1.0,3,0.0
1031,04::003696805808,1.0,3,0.0
1036,04::003771176010,1.0,3,0.0
1037,04::003773716016,1.0,3,0.0
1041,04::003776256026,1.0,3,0.0
1042,04::003782576044,1.0,3,0.0
1044,04::003854126218,1.0,3,0.0
1045,04::003856616226,1.0,3,0.0
1050,04::003903456329,1.0,3,0.0
1053,04::004086066713,1.0,3,0.0
1056,04::004086436713,1.0,3,0.0
1058,04::004101896728,1.0,3,0.0
1060,04::004182446838,1.0,3,0.0
1061,04::004182476838,1.0,3,0.0
1066,04::004182916838,1.0,3,0.0
1067,04::004182986838,1.0,3,0.0
1070,04::004204636876,1.0,3,0.0
1072,04::004204966876,1.0,3,0.0
1073,04::004205246876,1.0,3,0.0
1075,04::004205596876,1.0,3,0.0
1078,04::004206976879,1.0,3,0.0
1079,04::004208696881,1.0,3,0.0
1085,04::004236986933,1.0,3,0.0
1092,04::004240646937,1.0,3,0.0
1093,04::004240946937,1.0,3,0.0
1094,04::004241446938,1.0,3,0.0
1095,04::004241486938,1.0,3,0.0
1097,04::004283266992,1.0,3,0.0
1100,04::004283646992,1.0,3,0.0
1102,04::004283936992,1.0,3,0.0
1103,04::004284026992,1.0,3,0.0
1106,04::004286127001,1.0,3,0.0
1107,04::004312737037,1.0,3,0.0
1108,04::004337247054,1.0,3,0.0
1110,04::004339577061,1.0,3,0.0
1111,04::004339757061,1.0,3,0.0
1114,04::004341407063,1.0,3,0.0
1115,04::004341417063,1.0,3,0.0
1117,04::004397257126,1.0,3,0.0
1119,04::004401827134,1.0,3,0.0
1120,04::004402047134,1.0,3,0.0
1121,04::004402187134,1.0,3,0.0
1123,04::004402877137,1.0,3,0.0
1124,04::004402887137,1.0,3,0.0
1125,04::004406437141,1.0,3,0.0
1126,04::004417987153,1.0,3,0.0
1127,04::004424487177,1.0,3,0.0
1129,04::004429367188,1.0,3,0.0
1134,04::004455397220,1.0,3,0.0
1135,04::004496097271,1.0,3,0.0
1137,04::004496187271,1.0,3,0.0
1138,04::004497447274,1.0,3,0.0
1140,04::004498937275,1.0,3,0.0
1142,04::004506907290,1.0,3,0.0
1145,04::004567857400,1.0,3,0.0
1147,04::004589187441,1.0,3,0.0
1151,05::003435135294,1.0,3,0.0
1168,05::003688825793,1.0,3,0.0
1175,05::003801666101,1.0,3,0.0
1183,05::003924046368,1.0,3,0.0
1195,05::004218066897,1.0,3,0.0
1205,05::004283566991,1.0,3,0.0
1208,05::004342317065,1.0,3,0.0
1211,05::004353777082,1.0,3,0.0
1217,05::004375677108,1.0,3,0.0
1220,05::004476507256,1.0,3,0.0
1221,05::004496517272,1.0,3,0.0
1223,05::004515447318,1.0,3,0.0
1224,05::004515647318,1.0,3,0.0
1225,05::004515837318,1.0,3,0.0
1233,06::003461275323,1.0,3,0.0
1235,06::003633855671,1.0,3,0.0
1236,06::003633925672,1.0,3,0.0
1237,06::003692245800,1.0,3,0.0
1238,06::003698575825,1.0,3,0.0
1240,06::003813666123,1.0,3,0.0
1241,06::003925896380,1.0,3,0.0
1246,07::003444955304,1.0,3,0.0
1248,07::003537465434,1.0,3,0.0
1256,08::000038109596,1.0,3,0.0
1265,09::003541445448,1.0,3,0.0
1282,11::003747905941,1.0,3,0.0
1283,11::003925716380,1.0,3,0.0
1284,11::004402427135,1.0,3,0.0
1288,12::004368837107,1.0,3,0.0
1292,13::004284966993,1.0,3,0.0
1294,14::003810066114,1.0,3,0.0
1297,15::003579115536,1.0,3,0.0
1300,16::000016299594,1.0,3,0.0
