seed,fold,method,n_images,n_groups,original_accuracy,original_balanced_accuracy,original_macro_f1,original_weighted_f1,original_head_f1,original_mid_f1,original_tail_f1,original_track_balanced_accuracy,foreground_accuracy,foreground_balanced_accuracy,foreground_macro_f1,foreground_weighted_f1,foreground_head_f1,foreground_mid_f1,foreground_tail_f1,foreground_track_balanced_accuracy,same_swap_accuracy,same_swap_balanced_accuracy,same_swap_macro_f1,same_swap_weighted_f1,same_swap_head_f1,same_swap_mid_f1,same_swap_tail_f1,same_swap_track_balanced_accuracy,cross_swap_accuracy,cross_swap_balanced_accuracy,cross_swap_macro_f1,cross_swap_weighted_f1,cross_swap_head_f1,cross_swap_mid_f1,cross_swap_tail_f1,cross_swap_track_balanced_accuracy,dar,dar_flip,prediction_agreement,delta_foreground_macro_f1,delta_same_swap_macro_f1,delta_cross_swap_macro_f1
17,1,F0,8772,2894,0.9909940720474236,0.9301130749568431,0.9471698018220585,0.9908895173895613,0.9919209315626246,0.9409757785874981,0.8996624693679391,0.9865572423362374,0.9770861833105335,0.8279450394812655,0.8718945358773234,0.9741343163881373,0.9780388146277631,0.9060671817189225,0.7103487555351962,0.9757152392648245,0.9847241222070223,0.9176556325561438,0.92640951672419,0.9846518423416369,0.9859879505734712,0.9132727698536725,0.8680521429755702,0.9852033746234551,0.7258321933424533,0.558561773077938,0.543555428755374,0.7171956093304751,0.624912169078426,0.5175496322597544,0.4719331368633314,0.7017289293410708,0.2160282717738258,0.21269987346140573,0.72765617875057,0.0752752659447351,0.020760285097868425,0.40361437306668446
17,1,F1,8772,2894,0.9925900592795258,0.9466440557753761,0.9580793845467769,0.992529263343184,0.9954626604877221,0.9507832158132008,0.9205156221512187,0.988546561572904,0.9923620611035112,0.9432396446354805,0.958360255900242,0.9922657584818108,0.9912421350399669,0.955236377277458,0.922025879555356,0.9884144271799766,0.9839261285909713,0.9339338956538379,0.9380206500089169,0.9838754742781158,0.9855315271579612,0.9355409339801956,0.8834873134587852,0.9829796016178084,0.7888736890104879,0.6103872792859213,0.633885237474454,0.7857543335927095,0.7261303237982369,0.661649481153485,0.49542689020688363,0.7658395373791976,0.1662106703146375,0.1644653726886413,0.7900136798905609,-0.0002808713534651064,0.02005873453786,0.32419414707232286
17,2,F0,9377,2893,0.99210835021862,0.9445321961974675,0.9619694709094759,0.9919475935586995,0.9952555627591878,0.9623098470157293,0.9216857845835683,0.9894546759205957,0.9532899648075077,0.7959574167325334,0.8300766157636907,0.9467596951059697,0.9647651569459318,0.8635655089468794,0.6349614731618127,0.9576791138253565,0.9741921723365682,0.9054074253097195,0.9050319260463063,0.97460495807155,0.9830718981144737,0.875639039578329,0.8407768460324828,0.9704416092200081,0.7047029966940386,0.5205570030026824,0.5098669106690734,0.6969573564434652,0.6516486850393709,0.4861500908754926,0.3634456012182969,0.6859579782225982,0.21691372507198464,0.21390949156186176,0.707475738509118,0.1318928551457852,0.0569375448631696,0.4521025602404025
17,2,F1,9377,2893,0.993174789378266,0.950890274039685,0.9661440131504991,0.9928621728174579,0.9939608033111781,0.9624204688038726,0.9364874093043107,0.9914974607331202,0.9924282819665138,0.9433661653590059,0.9590171698946772,0.9920408986417448,0.9940190320744108,0.9480622577025096,0.9279698474711644,0.989448557965668,0.9832569051935587,0.9319607675635007,0.9344448796239659,0.9828751981449273,0.9858217915630756,0.9021429167035906,0.9050945482174096,0.9825346834830309,0.7320038391809748,0.5936279920333896,0.5887320489078521,0.7263048816450652,0.6868974238630082,0.5951799461646589,0.46448570170485814,0.7123079061438249,0.20870214354271088,0.20541178997100826,0.7348832249120187,0.007126843255821913,0.031699133526533196,0.377411964242647
17,3,F0,8984,2893,0.9909839715048976,0.9575557590136955,0.9558302802916822,0.9909320446545327,0.9929702237916144,0.9489336103798302,0.9181590180036153,0.9891722513219743,0.9707257346393589,0.7708258847700111,0.7984180648070488,0.9678642705776374,0.9714278179599488,0.6863678079813658,0.7028566178492516,0.9665971244263243,0.9827471059661621,0.9559193085714169,0.9335227415388143,0.9830817676441413,0.9902325691413338,0.9144243976694859,0.8845692922851194,0.979115185369061,0.7242876224398932,0.5384441623634941,0.5161035888951178,0.7218906000893689,0.6765566354429126,0.332965595418803,0.5066979265140791,0.7272879646710296,0.20770258236865538,0.20509940469504662,0.7264024933214603,0.15741221548463336,0.02230753875286784,0.4397266913965644
17,3,F1,8984,2893,0.9871994657168299,0.9197241234095554,0.912146215558085,0.9870508156441367,0.9565756891263287,0.8843518155996424,0.8866252472346348,0.9857392831045821,0.9896482635796973,0.9214382966583416,0.9373531126854795,0.9893534402959689,0.9909980831072986,0.9153447141649007,0.8949875466998755,0.9866363872353161,0.9727292965271594,0.8988358872208283,0.8523019161917261,0.9753139665566662,0.9516815115472547,0.8643171914566492,0.7210311265001688,0.9693798022719887,0.7458815672306323,0.5676932269347209,0.5046079009065989,0.7454327507503342,0.6536463601354272,0.3752549245291407,0.4551147262094631,0.7382616851950136,0.17531166518254676,0.17070695681587553,0.7477738201246661,-0.025206897127394545,0.05984429936635882,0.40753831465148604
2026,1,F0,8772,2894,0.989968080255358,0.9245422886849871,0.9483889292549177,0.9897349812172249,0.9901315442308948,0.9463806142737938,0.9003061062648692,0.9862706090518196,0.9722982216142271,0.7910960041422205,0.8266246784482334,0.9685502805001377,0.9661018928716198,0.852374395440938,0.6335023041474654,0.9735153031328689,0.9791381668946648,0.8922520569811063,0.9071067372309972,0.9788380656221233,0.9780723214889816,0.8934515198432724,0.8356032535091409,0.9784647191290065,0.7568399452804377,0.536489919463049,0.5432677958150259,0.7540592129412634,0.686005268950467,0.4892017559837923,0.42604886788373025,0.7528683259585127,0.18365253077975377,0.18021649009672963,0.760373917008664,0.1217642508066843,0.04128219202392047,0.40512113343989176
2026,1,F1,8772,2894,0.991906064751482,0.95057447943878,0.9590415164622809,0.9918816117955006,0.993117287757705,0.9257451121210775,0.9514469952489755,0.9865463897366484,0.9925900592795258,0.9511991103678701,0.9580330573921754,0.9925864203776065,0.9955705824342163,0.9232406471198477,0.947780437614054,0.9883634722480681,0.9830141358869129,0.9347928397203545,0.9377802840239445,0.9829774091405974,0.9812000847128101,0.9283826238632876,0.895074183357963,0.9775932633671638,0.7656178750569995,0.6404867790675715,0.6239039227698087,0.7647561928819508,0.699154304511004,0.6549600692860258,0.5025473181641567,0.7394017993267438,0.1745326037391701,0.17273876565911964,0.7659598723210215,0.001008459070105494,0.02126123243833633,0.3351375936924722
2026,2,F0,9377,2893,0.9907219793110803,0.9417814131175288,0.9531296733066117,0.9903942069319706,0.993499897044872,0.9446241208529699,0.9131909572743412,0.9893169384447951,0.9655540151434361,0.8239925581962699,0.8489502181923574,0.9597170041061395,0.9725489239566771,0.8898972656086057,0.659684723858925,0.9714361629880859,0.9801642316305855,0.9285584775229755,0.917928356932096,0.9803965305387716,0.9818956427371256,0.8881154836452989,0.8709804872528574,0.9760936180176085,0.6971312786605525,0.5348615031220187,0.5146365058507982,0.693028697590048,0.6742298228248353,0.4758070835192159,0.36195394781353596,0.6638580255203893,0.22395222352564786,0.22034445640473627,0.6994774448117735,0.1041794551142543,0.035201316374515734,0.43849316745581346
2026,2,F1,9377,2893,0.9942412285379119,0.9527540331852915,0.9670235002850117,0.9939146979086945,0.9977589664135135,0.971102231810888,0.9260622094049331,0.9922534831028826,0.993174789378266,0.9438818179472577,0.9598598443605186,0.9927576036111747,0.9953871777219944,0.9601076685621976,0.916979220125069,0.9915194990749712,0.9831502612775941,0.9334264081799092,0.9418293714164876,0.9827009446868099,0.9882705724733998,0.9268660651153485,0.9010632364493322,0.9843143357223859,0.7570651594326544,0.5664828429078115,0.5581031594129373,0.7477873915485965,0.6662929982450557,0.5645359539141861,0.42184255831314654,0.7403146556405266,0.19110589740855286,0.18899495870427974,0.7597312573317693,0.007163655924493084,0.025194128868524124,0.4089203408720744
2026,3,F0,8984,2893,0.9924309884238647,0.9495679782118258,0.9593460479132772,0.9923784565763829,0.9926192604007142,0.9419418604431483,0.9368223803984815,0.9901474454068979,0.9789626001780944,0.8068745645951707,0.8275248782867572,0.9767474519959012,0.9801379862169785,0.6824092945016689,0.78950473255558,0.9785164584092604,0.9810774710596616,0.9315387264122498,0.9265055922251508,0.98163405407373,0.9857826427110138,0.9009588497480225,0.8809198741192436,0.979617291025703,0.6945681211041852,0.5314322788661558,0.4886248585631771,0.7002240149037242,0.6170529609724023,0.29832974851767136,0.5248062457176126,0.6942316897960997,0.20948352626892253,0.20737999102736654,0.6962377560106857,0.1318211696265199,0.032840455688126324,0.47072118935010004
2026,3,F1,8984,2893,0.9907613535173642,0.944075254104952,0.9391658531851024,0.9907155665277056,0.9931916038895451,0.9258085434997723,0.8876922620251012,0.9873289815376137,0.9906500445235975,0.9408822268900329,0.9370632450256116,0.9906881823151404,0.9929951932432823,0.9305674474914604,0.8764407046985578,0.9887065155775714,0.9879786286731967,0.9635693814944788,0.9466219699308667,0.9880174793536235,0.9921118843766817,0.9430188118895243,0.8956372306372307,0.9843237924701373,0.7718165627782725,0.6146704952757949,0.5883402835394254,0.7655959040334752,0.7036139403119432,0.49895691589965513,0.539395263052174,0.7575543490205292,0.1765360641139804,0.17323896191439164,0.7743766696349065,0.0021026081594908153,-0.007456116745764296,0.350825569645677
3407,1,F0,8772,2894,0.9927040583675331,0.9407710215571217,0.9533698041867997,0.9926260040255533,0.9927658640346961,0.9471092912219513,0.9123550453341724,0.9883033751483687,0.9732102143182855,0.815206427305652,0.8165430412494659,0.9703146078822079,0.9727240894095194,0.8700547896191478,0.5756140350877194,0.9701895808461867,0.9844961240310077,0.9220560847723533,0.9141156379230443,0.9848320570170623,0.9893379032073043,0.9270089405005791,0.8109556170043974,0.9820709619144891,0.7238942088463293,0.5716928407206836,0.5614868663435257,0.7189719621498198,0.6454720935284862,0.5167517511123659,0.5054397089527333,0.7004859001001212,0.22982216142270862,0.22783647220946257,0.7261741906064751,0.13682676293733387,0.03925416626375544,0.391882937843274
3407,1,F1,8772,2894,0.9928180574555403,0.9569194479073964,0.9585770951416963,0.9928383455033366,0.9912824959320213,0.9356127715683666,0.942294937766636,0.9902884345487704,0.9935020519835841,0.9580181392323279,0.9539813197524705,0.9935267935912614,0.9918615820401762,0.9332303242804223,0.9292760004792715,0.989824617139752,0.9858641130870953,0.9397277410540068,0.9224017571205549,0.9863560814013375,0.9891258013781217,0.8961641720702712,0.8685704890617586,0.9839572334616651,0.7716598267213862,0.6490255540036475,0.6287750383657325,0.7715359553941836,0.6871279549415141,0.6148952609430394,0.5726313158974877,0.7531471253721685,0.16951664386684906,0.16741302101274544,0.7721158230734154,0.004595775389225842,0.03617533802114137,0.32980205677596386
3407,2,F0,9377,2893,0.9908286232270449,0.9534790671962924,0.9665260323217999,0.9906760945616575,0.9923611209149156,0.9555967475084074,0.9464532108234535,0.9878114110426708,0.9517969499840034,0.7803946225760182,0.8190361909928177,0.9444083631379252,0.9578916972951239,0.8335305435305435,0.637915230892324,0.9632298253055122,0.9795243681347979,0.9248576630086225,0.9211727825909126,0.9793890659094584,0.9834319601185846,0.9019446240034477,0.8656899281451711,0.9792915632108753,0.6895595606270662,0.5229170433001143,0.4954150691346618,0.6814190612915636,0.6307308764818642,0.5031116409964641,0.3253395284562168,0.6697690787377668,0.23227044897088622,0.22882359272414166,0.6917990828623227,0.14748984132898224,0.04535324973088728,0.4711109631871381
3407,2,F1,9377,2893,0.9922149941345846,0.9549964134434324,0.9622696277081919,0.9920694946808012,0.9961817109964027,0.9570107845642729,0.9268339709062579,0.9910324684529015,0.9913618428068679,0.9611400159523102,0.9653040233572956,0.991223933948954,0.9934627189470394,0.9599458171351036,0.9368717948717948,0.9911075784362858,0.9814439586221606,0.9426173244001761,0.9360774630030501,0.9820516036647926,0.9877153995437301,0.8794815933420583,0.9307078088152256,0.9757952789894091,0.7712488002559454,0.6332807563912184,0.6312913666451446,0.7686369638305488,0.7245253576132641,0.6613048903430029,0.489397053785543,0.7484854230938761,0.16753759198037751,0.16444539982803094,0.7732750346592727,-0.0030343956491036828,0.02619216470514185,0.3309782610630473
3407,3,F0,8984,2893,0.9935440783615316,0.9742094765521587,0.9737566869881759,0.9935173392682284,0.9932579993403423,0.9627310746151327,0.9613807245386192,0.9909424477482827,0.9766251113089938,0.8217185080495231,0.8585243526365511,0.97518440544424,0.9742263723658414,0.7837652529540264,0.7944410286439272,0.9735723283946001,0.9873107747105966,0.9594106010004017,0.9547492029054083,0.9873106875117242,0.991030083781871,0.9482283638144304,0.9177329849446311,0.9835951081919538,0.6980186999109528,0.5525259808442178,0.4974428626044991,0.6945388981308317,0.6131964988723905,0.3730526021774533,0.4829287595100755,0.6849263841675897,0.23630899376669634,0.23504369258346403,0.6979073909171861,0.11523233435162472,0.019007484082767534,0.47631382438367675
3407,3,F1,8984,2893,0.9949910952804987,0.9689558470525617,0.977969687565452,0.9949469887855616,0.9954995045400943,0.979028194956021,0.955875399805312,0.992459932210146,0.9935440783615316,0.9654836002354807,0.9660780723491695,0.9935204409038061,0.9938787433196157,0.9696737381204648,0.929121601413339,0.990313861659102,0.9884238646482636,0.9665724726160323,0.9528372919190153,0.9885192184003097,0.9918153714422869,0.9430119995212161,0.9158888888888889,0.9864843688674966,0.7361976847729297,0.583169827889781,0.5639963788077642,0.7320177928463136,0.6565563720484595,0.4274626898220163,0.5894580759046779,0.7280120023509677,0.2075912733748887,0.20561584069806466,0.7374220837043634,0.011891615216282458,0.025132395646436656,0.4139733087576878
