model,fold,method,seed,gap_name,gap_definition,gap
ResNet18,1,F0,17,foreground_gap,original macro-F1 - view macro-F1,0.0752752659447351
ResNet18,1,F0,17,same_swap_gap,original macro-F1 - view macro-F1,0.020760285097868425
ResNet18,1,F0,17,cross_swap_gap,original macro-F1 - view macro-F1,0.40361437306668446
ResNet18,1,F0,2026,foreground_gap,original macro-F1 - view macro-F1,0.1217642508066843
ResNet18,1,F0,2026,same_swap_gap,original macro-F1 - view macro-F1,0.04128219202392047
ResNet18,1,F0,2026,cross_swap_gap,original macro-F1 - view macro-F1,0.40512113343989176
ResNet18,1,F0,3407,foreground_gap,original macro-F1 - view macro-F1,0.13682676293733387
ResNet18,1,F0,3407,same_swap_gap,original macro-F1 - view macro-F1,0.03925416626375544
ResNet18,1,F0,3407,cross_swap_gap,original macro-F1 - view macro-F1,0.391882937843274
ResNet18,1,F1,17,foreground_gap,original macro-F1 - view macro-F1,-0.0002808713534651064
ResNet18,1,F1,17,same_swap_gap,original macro-F1 - view macro-F1,0.02005873453786
ResNet18,1,F1,17,cross_swap_gap,original macro-F1 - view macro-F1,0.32419414707232286
ResNet18,1,F1,2026,foreground_gap,original macro-F1 - view macro-F1,0.001008459070105494
ResNet18,1,F1,2026,same_swap_gap,original macro-F1 - view macro-F1,0.02126123243833633
ResNet18,1,F1,2026,cross_swap_gap,original macro-F1 - view macro-F1,0.3351375936924722
ResNet18,1,F1,3407,foreground_gap,original macro-F1 - view macro-F1,0.004595775389225842
ResNet18,1,F1,3407,same_swap_gap,original macro-F1 - view macro-F1,0.03617533802114137
ResNet18,1,F1,3407,cross_swap_gap,original macro-F1 - view macro-F1,0.32980205677596386
ResNet18,2,F0,17,foreground_gap,original macro-F1 - view macro-F1,0.1318928551457852
ResNet18,2,F0,17,same_swap_gap,original macro-F1 - view macro-F1,0.0569375448631696
ResNet18,2,F0,17,cross_swap_gap,original macro-F1 - view macro-F1,0.4521025602404025
ResNet18,2,F0,2026,foreground_gap,original macro-F1 - view macro-F1,0.1041794551142543
ResNet18,2,F0,2026,same_swap_gap,original macro-F1 - view macro-F1,0.035201316374515734
ResNet18,2,F0,2026,cross_swap_gap,original macro-F1 - view macro-F1,0.43849316745581346
ResNet18,2,F0,3407,foreground_gap,original macro-F1 - view macro-F1,0.14748984132898224
ResNet18,2,F0,3407,same_swap_gap,original macro-F1 - view macro-F1,0.04535324973088728
ResNet18,2,F0,3407,cross_swap_gap,original macro-F1 - view macro-F1,0.4711109631871381
ResNet18,2,F1,17,foreground_gap,original macro-F1 - view macro-F1,0.007126843255821913
ResNet18,2,F1,17,same_swap_gap,original macro-F1 - view macro-F1,0.031699133526533196
ResNet18,2,F1,17,cross_swap_gap,original macro-F1 - view macro-F1,0.377411964242647
ResNet18,2,F1,2026,foreground_gap,original macro-F1 - view macro-F1,0.007163655924493084
ResNet18,2,F1,2026,same_swap_gap,original macro-F1 - view macro-F1,0.025194128868524124
ResNet18,2,F1,2026,cross_swap_gap,original macro-F1 - view macro-F1,0.4089203408720744
ResNet18,2,F1,3407,foreground_gap,original macro-F1 - view macro-F1,-0.0030343956491036828
ResNet18,2,F1,3407,same_swap_gap,original macro-F1 - view macro-F1,0.02619216470514185
ResNet18,2,F1,3407,cross_swap_gap,original macro-F1 - view macro-F1,0.3309782610630473
ResNet18,3,F0,17,foreground_gap,original macro-F1 - view macro-F1,0.15741221548463336
ResNet18,3,F0,17,same_swap_gap,original macro-F1 - view macro-F1,0.02230753875286784
ResNet18,3,F0,17,cross_swap_gap,original macro-F1 - view macro-F1,0.4397266913965644
ResNet18,3,F0,2026,foreground_gap,original macro-F1 - view macro-F1,0.1318211696265199
ResNet18,3,F0,2026,same_swap_gap,original macro-F1 - view macro-F1,0.032840455688126324
ResNet18,3,F0,2026,cross_swap_gap,original macro-F1 - view macro-F1,0.47072118935010004
ResNet18,3,F0,3407,foreground_gap,original macro-F1 - view macro-F1,0.11523233435162472
ResNet18,3,F0,3407,same_swap_gap,original macro-F1 - view macro-F1,0.019007484082767534
ResNet18,3,F0,3407,cross_swap_gap,original macro-F1 - view macro-F1,0.47631382438367675
ResNet18,3,F1,17,foreground_gap,original macro-F1 - view macro-F1,-0.025206897127394545
ResNet18,3,F1,17,same_swap_gap,original macro-F1 - view macro-F1,0.05984429936635882
ResNet18,3,F1,17,cross_swap_gap,original macro-F1 - view macro-F1,0.40753831465148604
ResNet18,3,F1,2026,foreground_gap,original macro-F1 - view macro-F1,0.0021026081594908153
ResNet18,3,F1,2026,same_swap_gap,original macro-F1 - view macro-F1,-0.007456116745764296
ResNet18,3,F1,2026,cross_swap_gap,original macro-F1 - view macro-F1,0.350825569645677
ResNet18,3,F1,3407,foreground_gap,original macro-F1 - view macro-F1,0.011891615216282458
ResNet18,3,F1,3407,same_swap_gap,original macro-F1 - view macro-F1,0.025132395646436656
ResNet18,3,F1,3407,cross_swap_gap,original macro-F1 - view macro-F1,0.4139733087576878
MobileNetV3-Large,1,MV0,3407,foreground_gap,original macro-F1 - view macro-F1,0.14361378666153413
MobileNetV3-Large,1,MV0,3407,same_swap_gap,original macro-F1 - view macro-F1,0.03508308414464667
MobileNetV3-Large,1,MV0,3407,cross_swap_gap,original macro-F1 - view macro-F1,0.38530611389284164
MobileNetV3-Large,1,MV1,3407,foreground_gap,original macro-F1 - view macro-F1,0.023486206114213815
MobileNetV3-Large,1,MV1,3407,same_swap_gap,original macro-F1 - view macro-F1,0.03820641104203881
MobileNetV3-Large,1,MV1,3407,cross_swap_gap,original macro-F1 - view macro-F1,0.33317992284565345
MobileNetV3-Large,2,MV0,3407,foreground_gap,original macro-F1 - view macro-F1,0.13248374528758577
MobileNetV3-Large,2,MV0,3407,same_swap_gap,original macro-F1 - view macro-F1,0.023871277691400072
MobileNetV3-Large,2,MV0,3407,cross_swap_gap,original macro-F1 - view macro-F1,0.4255548905454134
MobileNetV3-Large,2,MV1,3407,foreground_gap,original macro-F1 - view macro-F1,0.0001380080137753925
MobileNetV3-Large,2,MV1,3407,same_swap_gap,original macro-F1 - view macro-F1,0.04713693737228819
MobileNetV3-Large,2,MV1,3407,cross_swap_gap,original macro-F1 - view macro-F1,0.3475833693011705
MobileNetV3-Large,3,MV0,3407,foreground_gap,original macro-F1 - view macro-F1,0.14531087208253357
MobileNetV3-Large,3,MV0,3407,same_swap_gap,original macro-F1 - view macro-F1,0.03425429911300948
MobileNetV3-Large,3,MV0,3407,cross_swap_gap,original macro-F1 - view macro-F1,0.5112224332222628
MobileNetV3-Large,3,MV1,3407,foreground_gap,original macro-F1 - view macro-F1,0.002838557133639008
MobileNetV3-Large,3,MV1,3407,same_swap_gap,original macro-F1 - view macro-F1,0.042304091873702876
MobileNetV3-Large,3,MV1,3407,cross_swap_gap,original macro-F1 - view macro-F1,0.40839568622119105
ResNet18,mean,F0,all,foreground_gap,original macro-F1 - view macro-F1,0.1246549056378391
ResNet18,mean,F0,all,same_swap_gap,original macro-F1 - view macro-F1,0.03477158143087533
ResNet18,mean,F0,all,cross_swap_gap,original macro-F1 - view macro-F1,0.4387874267070605
ResNet18,mean,F1,all,foreground_gap,original macro-F1 - view macro-F1,0.0005963103206063636
ResNet18,mean,F1,all,same_swap_gap,original macro-F1 - view macro-F1,0.02645570115161866
ResNet18,mean,F1,all,cross_swap_gap,original macro-F1 - view macro-F1,0.3643090618637088
MobileNetV3-Large,mean,MV0,all,foreground_gap,original macro-F1 - view macro-F1,0.14046946801055116
MobileNetV3-Large,mean,MV0,all,same_swap_gap,original macro-F1 - view macro-F1,0.031069553649685444
MobileNetV3-Large,mean,MV0,all,cross_swap_gap,original macro-F1 - view macro-F1,0.4406944792201727
MobileNetV3-Large,mean,MV1,all,foreground_gap,original macro-F1 - view macro-F1,0.008820923753875998
MobileNetV3-Large,mean,MV1,all,same_swap_gap,original macro-F1 - view macro-F1,0.042549146762676626
MobileNetV3-Large,mean,MV1,all,cross_swap_gap,original macro-F1 - view macro-F1,0.3630529927893382
