seed,fold,method,view,species_id,f1,tier
3407,1,F0,original,1,0.9953961715531864,head
3407,1,F0,original,10,0.9947643979057592,mid
3407,1,F0,original,11,0.9354838709677419,tail
3407,1,F0,original,12,0.9411764705882353,tail
3407,1,F0,original,13,0.9807692307692307,tail
3407,1,F0,original,14,0.8461538461538461,tail
3407,1,F0,original,15,0.8571428571428571,tail
3407,1,F0,original,16,0.9818181818181818,mid
3407,1,F0,original,2,0.9960563380281691,head
3407,1,F0,original,3,0.9942907334211682,head
3407,1,F0,original,4,0.9954070981210856,head
3407,1,F0,original,5,0.9993682880606444,head
3407,1,F0,original,6,0.8780487804878049,mid
3407,1,F0,original,7,0.9760765550239234,head
3407,1,F0,original,8,0.9291338582677166,mid
3407,1,F0,original,9,0.9528301886792453,mid
3407,1,F0,foreground,1,0.9860114341321007,head
3407,1,F0,foreground,10,0.9894736842105263,mid
3407,1,F0,foreground,11,0.5833333333333334,tail
3407,1,F0,foreground,12,0.8666666666666667,tail
3407,1,F0,foreground,13,0.8314606741573034,tail
3407,1,F0,foreground,14,0.5333333333333333,tail
3407,1,F0,foreground,15,0.8947368421052632,tail
3407,1,F0,foreground,16,0.0,mid
3407,1,F0,foreground,2,0.987129266927812,head
3407,1,F0,foreground,3,0.9899343544857768,head
3407,1,F0,foreground,4,0.9814126394052045,head
3407,1,F0,foreground,5,0.9591214154972544,head
3407,1,F0,foreground,6,0.7096774193548387,mid
3407,1,F0,foreground,7,0.9327354260089686,head
3407,1,F0,foreground,8,0.8717948717948718,mid
3407,1,F0,foreground,9,0.9478672985781991,mid
3407,1,F0,same_swap,1,0.9884918231374924,head
3407,1,F0,same_swap,10,1.0,mid
3407,1,F0,same_swap,11,0.8787878787878788,tail
3407,1,F0,same_swap,12,0.96,tail
3407,1,F0,same_swap,13,0.9902912621359223,tail
3407,1,F0,same_swap,14,0.4878048780487805,tail
3407,1,F0,same_swap,15,0.7567567567567568,tail
3407,1,F0,same_swap,16,0.9714285714285714,mid
3407,1,F0,same_swap,2,0.9909297052154195,head
3407,1,F0,same_swap,3,0.9774236387782205,head
3407,1,F0,same_swap,4,0.9949874686716792,head
3407,1,F0,same_swap,5,0.9937185929648241,head
3407,1,F0,same_swap,6,0.8,mid
3407,1,F0,same_swap,7,0.9904761904761905,head
3407,1,F0,same_swap,8,0.890625,mid
3407,1,F0,same_swap,9,0.9541284403669725,mid
3407,1,F0,cross_swap,1,0.7704708290685772,head
3407,1,F0,cross_swap,10,0.12844036697247707,mid
3407,1,F0,cross_swap,11,0.7368421052631579,tail
3407,1,F0,cross_swap,12,0.7755102040816326,tail
3407,1,F0,cross_swap,13,0.7272727272727273,tail
3407,1,F0,cross_swap,14,0.5365853658536586,tail
3407,1,F0,cross_swap,15,0.4782608695652174,tail
3407,1,F0,cross_swap,16,0.0,mid
3407,1,F0,cross_swap,2,0.7104294478527607,head
3407,1,F0,cross_swap,3,0.6818401937046005,head
3407,1,F0,cross_swap,4,0.6617028164454516,head
3407,1,F0,cross_swap,5,0.8158311345646438,head
3407,1,F0,cross_swap,6,0.46,mid
3407,1,F0,cross_swap,7,0.23255813953488372,head
3407,1,F0,cross_swap,8,0.5245901639344263,mid
3407,1,F0,cross_swap,9,0.743455497382199,mid
3407,1,F1,original,1,0.9957508801748209,head
3407,1,F1,original,10,0.9947643979057592,mid
3407,1,F1,original,11,0.9846153846153847,tail
3407,1,F1,original,12,0.9245283018867925,tail
3407,1,F1,original,13,1.0,tail
3407,1,F1,original,14,0.8461538461538461,tail
3407,1,F1,original,15,0.9743589743589743,tail
3407,1,F1,original,16,0.9818181818181818,mid
3407,1,F1,original,2,0.9960740325294447,head
3407,1,F1,original,3,0.9938811188811189,head
3407,1,F1,original,4,0.9958053691275168,head
3407,1,F1,original,5,1.0,head
3407,1,F1,original,6,0.813953488372093,mid
3407,1,F1,original,7,0.966183574879227,head
3407,1,F1,original,8,0.912,mid
3407,1,F1,original,9,0.957345971563981,mid
3407,1,F1,foreground,1,0.996116504854369,head
3407,1,F1,foreground,10,1.0,mid
3407,1,F1,foreground,11,0.96875,tail
3407,1,F1,foreground,12,0.9532710280373832,tail
3407,1,F1,foreground,13,1.0,tail
3407,1,F1,foreground,14,0.75,tail
3407,1,F1,foreground,15,0.9743589743589743,tail
3407,1,F1,foreground,16,1.0,mid
3407,1,F1,foreground,2,0.9971925884334644,head
3407,1,F1,foreground,3,0.9943156974202011,head
3407,1,F1,foreground,4,0.9983235540653814,head
3407,1,F1,foreground,5,0.9993674889310563,head
3407,1,F1,foreground,6,0.810126582278481,mid
3407,1,F1,foreground,7,0.9658536585365853,head
3407,1,F1,foreground,8,0.8888888888888888,mid
3407,1,F1,foreground,9,0.9671361502347418,mid
3407,1,F1,same_swap,1,0.9893307468477207,head
3407,1,F1,same_swap,10,1.0,mid
3407,1,F1,same_swap,11,0.9354838709677419,tail
3407,1,F1,same_swap,12,0.8990825688073395,tail
3407,1,F1,same_swap,13,0.9433962264150944,tail
3407,1,F1,same_swap,14,0.6285714285714286,tail
3407,1,F1,same_swap,15,0.8888888888888888,tail
3407,1,F1,same_swap,16,0.9908256880733946,mid
3407,1,F1,same_swap,2,0.9869688385269122,head
3407,1,F1,same_swap,3,0.9876434245366285,head
3407,1,F1,same_swap,4,0.9979018044481746,head
3407,1,F1,same_swap,5,0.9968334388853705,head
3407,1,F1,same_swap,6,0.7,mid
3407,1,F1,same_swap,7,0.9760765550239234,head
3407,1,F1,same_swap,8,0.8837209302325582,mid
3407,1,F1,same_swap,9,0.9537037037037037,mid
3407,1,F1,cross_swap,1,0.8287688132247718,head
3407,1,F1,cross_swap,10,0.6143790849673203,mid
3407,1,F1,cross_swap,11,0.7307692307692307,tail
3407,1,F1,cross_swap,12,0.746031746031746,tail
3407,1,F1,cross_swap,13,0.8247422680412371,tail
3407,1,F1,cross_swap,14,0.6666666666666666,tail
3407,1,F1,cross_swap,15,0.4878048780487805,tail
3407,1,F1,cross_swap,16,0.2318840579710145,mid
3407,1,F1,cross_swap,2,0.718397997496871,head
3407,1,F1,cross_swap,3,0.7670349907918969,head
3407,1,F1,cross_swap,4,0.7149725274725275,head
3407,1,F1,cross_swap,5,0.799475753604194,head
3407,1,F1,cross_swap,6,0.37735849056603776,mid
3407,1,F1,cross_swap,7,0.29411764705882354,head
3407,1,F1,cross_swap,8,0.532258064516129,mid
3407,1,F1,cross_swap,9,0.7257383966244726,mid
3407,2,F0,original,1,0.9936023622047244,head
3407,2,F0,original,10,0.9922480620155039,mid
3407,2,F0,original,11,1.0,tail
3407,2,F0,original,12,0.950354609929078,tail
3407,2,F0,original,13,1.0,tail
3407,2,F0,original,14,0.8378378378378378,tail
3407,2,F0,original,15,0.9565217391304348,tail
3407,2,F0,original,16,0.9875518672199171,mid
3407,2,F0,original,2,0.9886104783599089,head
3407,2,F0,original,3,0.9860834990059643,head
3407,2,F0,original,4,0.9979619565217391,head
3407,2,F0,original,5,0.9978094194961665,head
3407,2,F0,original,6,0.9759036144578314,mid
3407,2,F0,original,7,0.9900990099009901,head
3407,2,F0,original,8,0.848,mid
3407,2,F0,original,9,0.9618320610687023,mid
3407,2,F0,foreground,1,0.9671952548117662,head
3407,2,F0,foreground,10,0.7070707070707071,mid
3407,2,F0,foreground,11,0.7301587301587301,tail
3407,2,F0,foreground,12,0.9264705882352942,tail
3407,2,F0,foreground,13,0.95,tail
3407,2,F0,foreground,14,0.7164179104477612,tail
3407,2,F0,foreground,15,0.8,tail
3407,2,F0,foreground,16,0.01652892561983471,mid
3407,2,F0,foreground,2,0.9447785675232367,head
3407,2,F0,foreground,3,0.9669354838709677,head
3407,2,F0,foreground,4,0.9776119402985075,head
3407,2,F0,foreground,5,0.9605963791267306,head
3407,2,F0,foreground,6,0.8333333333333334,mid
3407,2,F0,foreground,7,0.9302325581395349,head
3407,2,F0,foreground,8,0.7407407407407407,mid
3407,2,F0,foreground,9,0.9365079365079365,mid
3407,2,F0,same_swap,1,0.9845094664371773,head
3407,2,F0,same_swap,10,0.996078431372549,mid
3407,2,F0,same_swap,11,0.8571428571428571,tail
3407,2,F0,same_swap,12,0.9130434782608695,tail
3407,2,F0,same_swap,13,1.0,tail
3407,2,F0,same_swap,14,0.9,tail
3407,2,F0,same_swap,15,0.6666666666666666,tail
3407,2,F0,same_swap,16,0.9915966386554622,mid
3407,2,F0,same_swap,2,0.9796149490373726,head
3407,2,F0,same_swap,3,0.9628732849071832,head
3407,2,F0,same_swap,4,0.9932019034670292,head
3407,2,F0,same_swap,5,1.0,head
3407,2,F0,same_swap,6,0.9142857142857143,mid
3407,2,F0,same_swap,7,0.9803921568627451,head
3407,2,F0,same_swap,8,0.7521367521367521,mid
3407,2,F0,same_swap,9,0.8472222222222222,mid
3407,2,F0,cross_swap,1,0.7379074658254469,head
3407,2,F0,cross_swap,10,0.04285714285714286,mid
3407,2,F0,cross_swap,11,0.5176470588235295,tail
3407,2,F0,cross_swap,12,0.6774193548387096,tail
3407,2,F0,cross_swap,13,0.8220858895705522,tail
3407,2,F0,cross_swap,14,0.3050847457627119,tail
3407,2,F0,cross_swap,15,0.0975609756097561,tail
3407,2,F0,cross_swap,16,0.028985507246376812,mid
3407,2,F0,cross_swap,2,0.7119914346895075,head
3407,2,F0,cross_swap,3,0.5916955017301038,head
3407,2,F0,cross_swap,4,0.6703941850712888,head
3407,2,F0,cross_swap,5,0.8103277060575969,head
3407,2,F0,cross_swap,6,0.7005649717514124,mid
3407,2,F0,cross_swap,7,0.2620689655172414,head
3407,2,F0,cross_swap,8,0.3958333333333333,mid
3407,2,F0,cross_swap,9,0.5542168674698795,mid
3407,2,F1,original,1,0.994325191216383,head
3407,2,F1,original,10,0.9922480620155039,mid
3407,2,F1,original,11,0.9629629629629629,tail
3407,2,F1,original,12,0.9361702127659575,tail
3407,2,F1,original,13,1.0,tail
3407,2,F1,original,14,0.7792207792207793,tail
3407,2,F1,original,15,0.96,tail
3407,2,F1,original,16,0.99581589958159,mid
3407,2,F1,original,2,0.9960249858035207,head
3407,2,F1,original,3,0.9908910891089109,head
3407,2,F1,original,4,0.9969418960244648,head
3407,2,F1,original,5,0.9989071038251366,head
3407,2,F1,original,6,0.9761904761904762,mid
3407,2,F1,original,7,1.0,head
3407,2,F1,original,8,0.832,mid
3407,2,F1,original,9,0.9846153846153847,mid
3407,2,F1,foreground,1,0.9935802469135803,head
3407,2,F1,foreground,10,1.0,mid
3407,2,F1,foreground,11,1.0,tail
3407,2,F1,foreground,12,0.9342105263157895,tail
3407,2,F1,foreground,13,1.0,tail
3407,2,F1,foreground,14,0.8157894736842105,tail
3407,2,F1,foreground,15,0.96,tail
3407,2,F1,foreground,16,0.9743589743589743,mid
3407,2,F1,foreground,2,0.9920993227990971,head
3407,2,F1,foreground,3,0.991283676703645,head
3407,2,F1,foreground,4,0.9962495738152063,head
3407,2,F1,foreground,5,0.9972722313147845,head
3407,2,F1,foreground,6,0.9940828402366864,mid
3407,2,F1,foreground,7,0.9902912621359223,head
3407,2,F1,foreground,8,0.8292682926829268,mid
3407,2,F1,foreground,9,0.9763779527559056,mid
3407,2,F1,same_swap,1,0.9836841449744675,head
3407,2,F1,same_swap,10,1.0,mid
3407,2,F1,same_swap,11,0.9818181818181818,tail
3407,2,F1,same_swap,12,0.9420289855072463,tail
3407,2,F1,same_swap,13,0.9767441860465116,tail
3407,2,F1,same_swap,14,0.8809523809523809,tail
3407,2,F1,same_swap,15,0.8571428571428571,tail
3407,2,F1,same_swap,16,0.9915966386554622,mid
3407,2,F1,same_swap,2,0.9864864864864865,head
3407,2,F1,same_swap,3,0.9829025844930418,head
3407,2,F1,same_swap,4,0.9969460468272819,head
3407,2,F1,same_swap,5,0.9907658881042911,head
3407,2,F1,same_swap,6,0.9257142857142857,mid
3407,2,F1,same_swap,7,0.9855072463768116,head
3407,2,F1,same_swap,8,0.6060606060606061,mid
3407,2,F1,same_swap,9,0.8888888888888888,mid
3407,2,F1,cross_swap,1,0.8120160213618157,head
3407,2,F1,cross_swap,10,0.6602870813397129,mid
3407,2,F1,cross_swap,11,0.8571428571428571,tail
3407,2,F1,cross_swap,12,0.6666666666666666,tail
3407,2,F1,cross_swap,13,0.7487684729064039,tail
3407,2,F1,cross_swap,14,0.42857142857142855,tail
3407,2,F1,cross_swap,15,0.25,tail
3407,2,F1,cross_swap,16,0.2446043165467626,mid
3407,2,F1,cross_swap,2,0.7325842696629213,head
3407,2,F1,cross_swap,3,0.7693574958813838,head
3407,2,F1,cross_swap,4,0.7421897810218978,head
3407,2,F1,cross_swap,5,0.830398517145505,head
3407,2,F1,cross_swap,6,0.7777777777777778,mid
3407,2,F1,cross_swap,7,0.46060606060606063,head
3407,2,F1,cross_swap,8,0.40540540540540543,mid
3407,2,F1,cross_swap,9,0.7142857142857143,mid
3407,3,F0,original,1,0.995318233582184,head
3407,3,F0,original,10,0.9798657718120806,mid
3407,3,F0,original,11,0.961038961038961,tail
3407,3,F0,original,12,1.0,tail
3407,3,F0,original,13,0.989010989010989,tail
3407,3,F0,original,14,0.9210526315789473,tail
3407,3,F0,original,15,0.9473684210526315,tail
3407,3,F0,original,16,0.9696969696969697,mid
3407,3,F0,original,2,0.9945235487404163,head
3407,3,F0,original,3,0.993689524610854,head
3407,3,F0,original,4,0.996754417598269,head
3407,3,F0,original,5,0.9993964996982498,head
3407,3,F0,original,6,0.9774436090225563,mid
3407,3,F0,original,7,0.9937888198757764,head
3407,3,F0,original,8,0.8765432098765432,mid
3407,3,F0,original,9,0.9846153846153847,mid
3407,3,F0,foreground,1,0.983939774153074,head
3407,3,F0,foreground,10,0.9295774647887324,mid
3407,3,F0,foreground,11,0.927536231884058,tail
3407,3,F0,foreground,12,0.9545454545454546,tail
3407,3,F0,foreground,13,0.8354430379746836,tail
3407,3,F0,foreground,14,0.7901234567901234,tail
3407,3,F0,foreground,15,0.5,tail
3407,3,F0,foreground,16,0.3157894736842105,mid
3407,3,F0,foreground,2,0.9687162891046386,head
3407,3,F0,foreground,3,0.9874055415617129,head
3407,3,F0,foreground,4,0.9847826086956522,head
3407,3,F0,foreground,5,0.9909365558912386,head
3407,3,F0,foreground,6,0.8,mid
3407,3,F0,foreground,7,0.972972972972973,head
3407,3,F0,foreground,8,0.8322147651006712,mid
3407,3,F0,foreground,9,0.9624060150375939,mid
3407,3,F0,same_swap,1,0.9903821817261452,head
3407,3,F0,same_swap,10,0.9932885906040269,mid
3407,3,F0,same_swap,11,0.9736842105263158,tail
3407,3,F0,same_swap,12,0.9787234042553191,tail
3407,3,F0,same_swap,13,0.9565217391304348,tail
3407,3,F0,same_swap,14,0.7407407407407407,tail
3407,3,F0,same_swap,15,0.9473684210526315,tail
3407,3,F0,same_swap,16,0.9696969696969697,mid
3407,3,F0,same_swap,2,0.9878987898789879,head
3407,3,F0,same_swap,3,0.9823083403538332,head
3407,3,F0,same_swap,4,0.9971160778658976,head
3407,3,F0,same_swap,5,0.9951865222623345,head
3407,3,F0,same_swap,6,0.9481481481481482,mid
3407,3,F0,same_swap,7,0.9835390946502057,head
3407,3,F0,same_swap,8,0.868421052631579,mid
3407,3,F0,same_swap,9,0.9629629629629629,mid
3407,3,F0,cross_swap,1,0.7355735148163902,head
3407,3,F0,cross_swap,10,0.05405405405405406,mid
3407,3,F0,cross_swap,11,0.6885245901639344,tail
3407,3,F0,cross_swap,12,0.33962264150943394,tail
3407,3,F0,cross_swap,13,0.5454545454545454,tail
3407,3,F0,cross_swap,14,0.6197183098591549,tail
3407,3,F0,cross_swap,15,0.24390243902439024,tail
3407,3,F0,cross_swap,16,0.03076923076923077,mid
3407,3,F0,cross_swap,2,0.7243916242218449,head
3407,3,F0,cross_swap,3,0.7018581081081081,head
3407,3,F0,cross_swap,4,0.6707899915659263,head
3407,3,F0,cross_swap,5,0.7925117004680188,head
3407,3,F0,cross_swap,6,0.5228758169934641,mid
3407,3,F0,cross_swap,7,0.2054794520547945,head
3407,3,F0,cross_swap,8,0.453125,mid
3407,3,F0,cross_swap,9,0.6304347826086957,mid
3407,3,F1,original,1,0.9964601769911504,head
3407,3,F1,original,10,0.9932885906040269,mid
3407,3,F1,original,11,1.0,tail
3407,3,F1,original,12,0.9787234042553191,tail
3407,3,F1,original,13,0.967032967032967,tail
3407,3,F1,original,14,0.9117647058823529,tail
3407,3,F1,original,15,0.8888888888888888,tail
3407,3,F1,original,16,1.0,mid
3407,3,F1,original,2,0.9923161361141603,head
3407,3,F1,original,3,0.99370012599748,head
3407,3,F1,original,4,0.9978354978354979,head
3407,3,F1,original,5,0.9993964996982498,head
3407,3,F1,original,6,1.0,mid
3407,3,F1,original,7,0.9958677685950413,head
3407,3,F1,original,8,0.9397590361445783,mid
3407,3,F1,original,9,0.9924812030075187,mid
3407,3,F1,foreground,1,0.9953276928905165,head
3407,3,F1,foreground,10,0.9864864864864865,mid
3407,3,F1,foreground,11,1.0,tail
3407,3,F1,foreground,12,0.9787234042553191,tail
3407,3,F1,foreground,13,0.967032967032967,tail
3407,3,F1,foreground,14,0.927536231884058,tail
3407,3,F1,foreground,15,0.7619047619047619,tail
3407,3,F1,foreground,16,0.9846153846153847,mid
3407,3,F1,foreground,2,0.9912087912087912,head
3407,3,F1,foreground,3,0.9932603201347936,head
3407,3,F1,foreground,4,0.998196898665705,head
3407,3,F1,foreground,5,0.998792270531401,head
3407,3,F1,foreground,6,0.9774436090225563,mid
3407,3,F1,foreground,7,0.9896049896049897,head
3407,3,F1,foreground,8,0.9146341463414634,mid
3407,3,F1,foreground,9,0.9924812030075187,mid
3407,3,F1,same_swap,1,0.9920283436669619,head
3407,3,F1,same_swap,10,0.9932885906040269,mid
3407,3,F1,same_swap,11,0.96,tail
3407,3,F1,same_swap,12,0.9583333333333334,tail
3407,3,F1,same_swap,13,0.946236559139785,tail
3407,3,F1,same_swap,14,0.8611111111111112,tail
3407,3,F1,same_swap,15,0.8571428571428571,tail
3407,3,F1,same_swap,16,1.0,mid
3407,3,F1,same_swap,2,0.9878721058434399,head
3407,3,F1,same_swap,3,0.9864978902953586,head
3407,3,F1,same_swap,4,0.9960245753523672,head
3407,3,F1,same_swap,5,0.9951807228915662,head
3407,3,F1,same_swap,6,0.9428571428571428,mid
3407,3,F1,same_swap,7,0.9875,head
3407,3,F1,same_swap,8,0.896969696969697,mid
3407,3,F1,same_swap,9,0.8843537414965986,mid
3407,3,F1,cross_swap,1,0.7848923785027752,head
3407,3,F1,cross_swap,10,0.16494845360824742,mid
3407,3,F1,cross_swap,11,0.7333333333333333,tail
3407,3,F1,cross_swap,12,0.76,tail
3407,3,F1,cross_swap,13,0.6410256410256411,tail
3407,3,F1,cross_swap,14,0.6666666666666666,tail
3407,3,F1,cross_swap,15,0.2727272727272727,tail
3407,3,F1,cross_swap,16,0.2553191489361702,mid
3407,3,F1,cross_swap,2,0.72915398660986,head
3407,3,F1,cross_swap,3,0.7791304347826087,head
3407,3,F1,cross_swap,4,0.6844215349369989,head
3407,3,F1,cross_swap,5,0.7967914438502673,head
3407,3,F1,cross_swap,6,0.5145631067961165,mid
3407,3,F1,cross_swap,7,0.1588447653429603,head
3407,3,F1,cross_swap,8,0.56,mid
3407,3,F1,cross_swap,9,0.5221238938053098,mid
2026,1,F0,original,1,0.9922667955534075,head
2026,1,F0,original,10,0.979381443298969,mid
2026,1,F0,original,11,0.9230769230769231,tail
2026,1,F0,original,12,0.9484536082474226,tail
2026,1,F0,original,13,1.0,tail
2026,1,F0,original,14,0.88,tail
2026,1,F0,original,15,0.75,tail
2026,1,F0,original,16,1.0,mid
2026,1,F0,original,2,0.9949466591802358,head
2026,1,F0,original,3,0.9881214254289485,head
2026,1,F0,original,4,0.9953917050691244,head
2026,1,F0,original,5,0.9981000633312223,head
2026,1,F0,original,6,0.918918918918919,mid
2026,1,F0,original,7,0.9719626168224299,head
2026,1,F0,original,8,0.8852459016393442,mid
2026,1,F0,original,9,0.9483568075117371,mid
2026,1,F0,foreground,1,0.9881870781099324,head
2026,1,F0,foreground,10,0.9947643979057592,mid
2026,1,F0,foreground,11,0.8,tail
2026,1,F0,foreground,12,0.9032258064516129,tail
2026,1,F0,foreground,13,0.8571428571428571,tail
2026,1,F0,foreground,14,0.7142857142857143,tail
2026,1,F0,foreground,15,0.75,tail
2026,1,F0,foreground,16,0.0,mid
2026,1,F0,foreground,2,0.984304932735426,head
2026,1,F0,foreground,3,0.98719646799117,head
2026,1,F0,foreground,4,0.9632025879498585,head
2026,1,F0,foreground,5,0.961439588688946,head
2026,1,F0,foreground,6,0.6206896551724138,mid
2026,1,F0,foreground,7,0.9122807017543859,head
2026,1,F0,foreground,8,0.8760330578512396,mid
2026,1,F0,foreground,9,0.91324200913242,mid
2026,1,F0,same_swap,1,0.9863937387116195,head
2026,1,F0,same_swap,10,0.9896907216494846,mid
2026,1,F0,same_swap,11,0.7868852459016393,tail
2026,1,F0,same_swap,12,0.9215686274509803,tail
2026,1,F0,same_swap,13,0.9454545454545454,tail
2026,1,F0,same_swap,14,0.7692307692307693,tail
2026,1,F0,same_swap,15,0.7096774193548387,tail
2026,1,F0,same_swap,16,0.9906542056074766,mid
2026,1,F0,same_swap,2,0.9801699716713881,head
2026,1,F0,same_swap,3,0.9681185451279749,head
2026,1,F0,same_swap,4,0.9920668058455114,head
2026,1,F0,same_swap,5,0.9923761118170267,head
2026,1,F0,same_swap,6,0.7714285714285715,mid
2026,1,F0,same_swap,7,0.9493087557603687,head
2026,1,F0,same_swap,8,0.8888888888888888,mid
2026,1,F0,same_swap,9,0.8717948717948718,mid
2026,1,F0,cross_swap,1,0.8015804420298802,head
2026,1,F0,cross_swap,10,0.053475935828877004,mid
2026,1,F0,cross_swap,11,0.6181818181818182,tail
2026,1,F0,cross_swap,12,0.6972477064220184,tail
2026,1,F0,cross_swap,13,0.735632183908046,tail
2026,1,F0,cross_swap,14,0.8148148148148148,tail
2026,1,F0,cross_swap,15,0.0,tail
2026,1,F0,cross_swap,16,0.0,mid
2026,1,F0,cross_swap,2,0.7836593785960875,head
2026,1,F0,cross_swap,3,0.743132530120482,head
2026,1,F0,cross_swap,4,0.7145708582834331,head
2026,1,F0,cross_swap,5,0.8248125426039536,head
2026,1,F0,cross_swap,6,0.42857142857142855,mid
2026,1,F0,cross_swap,7,0.2482758620689655,head
2026,1,F0,cross_swap,8,0.5471698113207547,mid
2026,1,F0,cross_swap,9,0.6811594202898551,mid
2026,1,F1,original,1,0.993456131846825,head
2026,1,F1,original,10,0.9696969696969697,mid
2026,1,F1,original,11,0.9523809523809523,tail
2026,1,F1,original,12,0.9504950495049505,tail
2026,1,F1,original,13,0.9811320754716981,tail
2026,1,F1,original,14,0.88,tail
2026,1,F1,original,15,0.9743589743589743,tail
2026,1,F1,original,16,1.0,mid
2026,1,F1,original,2,0.9971862689926843,head
2026,1,F1,original,3,0.9942957437472576,head
2026,1,F1,original,4,0.998320738874895,head
2026,1,F1,original,5,0.9993682880606444,head
2026,1,F1,original,6,0.8947368421052632,mid
2026,1,F1,original,7,0.9760765550239234,head
2026,1,F1,original,8,0.8208955223880597,mid
2026,1,F1,original,9,0.9622641509433962,mid
2026,1,F1,foreground,1,0.9949078564500485,head
2026,1,F1,foreground,10,0.9846153846153847,mid
2026,1,F1,foreground,11,0.9354838709677419,tail
2026,1,F1,foreground,12,0.96,tail
2026,1,F1,foreground,13,0.9902912621359223,tail
2026,1,F1,foreground,14,0.9230769230769231,tail
2026,1,F1,foreground,15,0.9473684210526315,tail
2026,1,F1,foreground,16,0.972972972972973,mid
2026,1,F1,foreground,2,0.9954904171364148,head
2026,1,F1,foreground,3,0.9947414548641542,head
2026,1,F1,foreground,4,0.9991617770326907,head
2026,1,F1,foreground,5,0.9987373737373737,head
2026,1,F1,foreground,6,0.8395061728395061,mid
2026,1,F1,foreground,7,0.9903846153846154,head
2026,1,F1,foreground,8,0.8444444444444444,mid
2026,1,F1,foreground,9,0.957345971563981,mid
2026,1,F1,same_swap,1,0.9870444363724422,head
2026,1,F1,same_swap,10,0.9795918367346939,mid
2026,1,F1,same_swap,11,0.9354838709677419,tail
2026,1,F1,same_swap,12,0.9504950495049505,tail
2026,1,F1,same_swap,13,1.0,tail
2026,1,F1,same_swap,14,0.8888888888888888,tail
2026,1,F1,same_swap,15,0.7096774193548387,tail
2026,1,F1,same_swap,16,0.9908256880733946,mid
2026,1,F1,same_swap,2,0.9869095048377917,head
2026,1,F1,same_swap,3,0.9737427681352915,head
2026,1,F1,same_swap,4,0.9945720250521921,head
2026,1,F1,same_swap,5,0.9912280701754386,head
2026,1,F1,same_swap,6,0.891566265060241,mid
2026,1,F1,same_swap,7,0.9537037037037037,head
2026,1,F1,same_swap,8,0.821917808219178,mid
2026,1,F1,same_swap,9,0.9488372093023256,mid
2026,1,F1,cross_swap,1,0.8133605303416624,head
2026,1,F1,cross_swap,10,0.7283950617283951,mid
2026,1,F1,cross_swap,11,0.7777777777777778,tail
2026,1,F1,cross_swap,12,0.7758620689655172,tail
2026,1,F1,cross_swap,13,0.7027027027027027,tail
2026,1,F1,cross_swap,14,0.4878048780487805,tail
2026,1,F1,cross_swap,15,0.18181818181818182,tail
2026,1,F1,cross_swap,16,0.2894736842105263,mid
2026,1,F1,cross_swap,2,0.7412309728656519,head
2026,1,F1,cross_swap,3,0.7093546773386693,head
2026,1,F1,cross_swap,4,0.7242394504416094,head
2026,1,F1,cross_swap,5,0.8145833333333333,head
2026,1,F1,cross_swap,6,0.5473684210526316,mid
2026,1,F1,cross_swap,7,0.39215686274509803,head
2026,1,F1,cross_swap,8,0.46706586826347307,mid
2026,1,F1,cross_swap,9,0.8292682926829268,mid
2026,2,F0,original,1,0.9931068439192516,head
2026,2,F0,original,10,0.9844961240310077,mid
2026,2,F0,original,11,0.9629629629629629,tail
2026,2,F0,original,12,0.920863309352518,tail
2026,2,F0,original,13,1.0,tail
2026,2,F0,original,14,0.6987951807228916,tail
2026,2,F0,original,15,1.0,tail
2026,2,F0,original,16,0.9833333333333333,mid
2026,2,F0,original,2,0.9931584948688712,head
2026,2,F0,original,3,0.9940546967895363,head
2026,2,F0,original,4,0.996267390566678,head
2026,2,F0,original,5,0.9989047097480832,head
2026,2,F0,original,6,0.9940828402366864,mid
2026,2,F0,original,7,0.9855072463768116,head
2026,2,F0,original,8,0.7522935779816514,mid
2026,2,F0,original,9,0.9922480620155039,mid
2026,2,F0,foreground,1,0.9823095823095823,head
2026,2,F0,foreground,10,0.9803921568627451,mid
2026,2,F0,foreground,11,0.9019607843137255,tail
2026,2,F0,foreground,12,0.9577464788732394,tail
2026,2,F0,foreground,13,0.9367088607594937,tail
2026,2,F0,foreground,14,0.5434782608695652,tail
2026,2,F0,foreground,15,0.8,tail
2026,2,F0,foreground,16,0.09523809523809523,mid
2026,2,F0,foreground,2,0.9781267526640494,head
2026,2,F0,foreground,3,0.9802498992341797,head
2026,2,F0,foreground,4,0.962743158588856,head
2026,2,F0,foreground,5,0.9696,head
2026,2,F0,foreground,6,0.9433962264150944,mid
2026,2,F0,foreground,7,0.9622641509433962,head
2026,2,F0,foreground,8,0.6122448979591837,mid
2026,2,F0,foreground,9,0.9767441860465116,mid
2026,2,F0,same_swap,1,0.9859644764625513,head
2026,2,F0,same_swap,10,0.9846153846153847,mid
2026,2,F0,same_swap,11,0.9629629629629629,tail
2026,2,F0,same_swap,12,0.9379310344827586,tail
2026,2,F0,same_swap,13,1.0,tail
2026,2,F0,same_swap,14,0.6666666666666666,tail
2026,2,F0,same_swap,15,0.8,tail
2026,2,F0,same_swap,16,0.9873417721518988,mid
2026,2,F0,same_swap,2,0.9810235767682576,head
2026,2,F0,same_swap,3,0.9754552652414885,head
2026,2,F0,same_swap,4,0.9939148073022313,head
2026,2,F0,same_swap,5,0.9972692517749864,head
2026,2,F0,same_swap,6,0.8691099476439791,mid
2026,2,F0,same_swap,7,0.9577464788732394,head
2026,2,F0,same_swap,8,0.672566371681416,mid
2026,2,F0,same_swap,9,0.9142857142857143,mid
2026,2,F0,cross_swap,1,0.7315940445294359,head
2026,2,F0,cross_swap,10,0.06289308176100629,mid
2026,2,F0,cross_swap,11,0.6666666666666666,tail
2026,2,F0,cross_swap,12,0.6906474820143885,tail
2026,2,F0,cross_swap,13,0.775,tail
2026,2,F0,cross_swap,14,0.14942528735632185,tail
2026,2,F0,cross_swap,15,0.2727272727272727,tail
2026,2,F0,cross_swap,16,0.030303030303030304,mid
2026,2,F0,cross_swap,2,0.7265625,head
2026,2,F0,cross_swap,3,0.6834710743801653,head
2026,2,F0,cross_swap,4,0.6774437989391261,head
2026,2,F0,cross_swap,5,0.7968596663395485,head
2026,2,F0,cross_swap,6,0.6203703703703703,mid
2026,2,F0,cross_swap,7,0.4294478527607362,head
2026,2,F0,cross_swap,8,0.2727272727272727,mid
2026,2,F0,cross_swap,9,0.6480446927374302,mid
2026,2,F1,original,1,0.9948288598867274,head
2026,2,F1,original,10,1.0,mid
2026,2,F1,original,11,0.9824561403508771,tail
2026,2,F1,original,12,0.9645390070921985,tail
2026,2,F1,original,13,0.9940119760479041,tail
2026,2,F1,original,14,0.6875,tail
2026,2,F1,original,15,1.0,tail
2026,2,F1,original,16,0.99581589958159,mid
2026,2,F1,original,2,0.9977298524404086,head
2026,2,F1,original,3,0.996031746031746,head
2026,2,F1,original,4,0.9979633401221996,head
2026,2,F1,original,5,1.0,head
2026,2,F1,original,6,0.9882352941176471,mid
2026,2,F1,original,7,1.0,head
2026,2,F1,original,8,0.8888888888888888,mid
2026,2,F1,original,9,0.984375,mid
2026,2,F1,foreground,1,0.9938529628718957,head
2026,2,F1,foreground,10,1.0,mid
2026,2,F1,foreground,11,0.9824561403508771,tail
2026,2,F1,foreground,12,0.971830985915493,tail
2026,2,F1,foreground,13,0.9940119760479041,tail
2026,2,F1,foreground,14,0.65625,tail
2026,2,F1,foreground,15,1.0,tail
2026,2,F1,foreground,16,0.9743589743589743,mid
2026,2,F1,foreground,2,0.998298355076574,head
2026,2,F1,foreground,3,0.9960222752585521,head
2026,2,F1,foreground,4,0.9986422267481331,head
2026,2,F1,foreground,5,1.0,head
2026,2,F1,foreground,6,0.9940828402366864,mid
2026,2,F1,foreground,7,0.9855072463768116,head
2026,2,F1,foreground,8,0.8360655737704918,mid
2026,2,F1,foreground,9,0.9763779527559056,mid
2026,2,F1,same_swap,1,0.9851915310243544,head
2026,2,F1,same_swap,10,0.9961089494163424,mid
2026,2,F1,same_swap,11,0.9473684210526315,tail
2026,2,F1,same_swap,12,0.9104477611940298,tail
2026,2,F1,same_swap,13,0.9940119760479041,tail
2026,2,F1,same_swap,14,0.6875,tail
2026,2,F1,same_swap,15,0.96,tail
2026,2,F1,same_swap,16,1.0,mid
2026,2,F1,same_swap,2,0.9920454545454546,head
2026,2,F1,same_swap,3,0.9666395443449959,head
2026,2,F1,same_swap,4,0.9972881355932204,head
2026,2,F1,same_swap,5,0.9983597594313832,head
2026,2,F1,same_swap,6,0.9491525423728814,mid
2026,2,F1,same_swap,7,0.9900990099009901,head
2026,2,F1,same_swap,8,0.7741935483870968,mid
2026,2,F1,same_swap,9,0.920863309352518,mid
2026,2,F1,cross_swap,1,0.8089831565814098,head
2026,2,F1,cross_swap,10,0.2994652406417112,mid
2026,2,F1,cross_swap,11,0.6545454545454545,tail
2026,2,F1,cross_swap,12,0.7008547008547008,tail
2026,2,F1,cross_swap,13,0.8050314465408805,tail
2026,2,F1,cross_swap,14,0.23529411764705882,tail
2026,2,F1,cross_swap,15,0.4,tail
2026,2,F1,cross_swap,16,0.11851851851851852,mid
2026,2,F1,cross_swap,2,0.7799043062200957,head
2026,2,F1,cross_swap,3,0.6824732682473268,head
2026,2,F1,cross_swap,4,0.7249584947426674,head
2026,2,F1,cross_swap,5,0.8538977800722767,head
2026,2,F1,cross_swap,6,0.6553191489361702,mid
2026,2,F1,cross_swap,7,0.14754098360655737,head
2026,2,F1,cross_swap,8,0.40404040404040403,mid
2026,2,F1,cross_swap,9,0.6588235294117647,mid
2026,3,F0,original,1,0.9950788643533123,head
2026,3,F0,original,10,0.9795918367346939,mid
2026,3,F0,original,11,0.9473684210526315,tail
2026,3,F0,original,12,0.9787234042553191,tail
2026,3,F0,original,13,0.9195402298850575,tail
2026,3,F0,original,14,0.9577464788732394,tail
2026,3,F0,original,15,0.8235294117647058,tail
2026,3,F0,original,16,0.9552238805970149,mid
2026,3,F0,original,2,0.9906849315068493,head
2026,3,F0,original,3,0.9932546374367622,head
2026,3,F0,original,4,0.9989157932779184,head
2026,3,F0,original,5,0.9981894990947495,head
2026,3,F0,original,6,0.9767441860465116,mid
2026,3,F0,original,7,0.9813664596273292,head
2026,3,F0,original,8,0.9202453987730062,mid
2026,3,F0,original,9,0.9333333333333333,mid
2026,3,F0,foreground,1,0.9881968859869412,head
2026,3,F0,foreground,10,0.9436619718309859,mid
2026,3,F0,foreground,11,0.7666666666666667,tail
2026,3,F0,foreground,12,0.9545454545454546,tail
2026,3,F0,foreground,13,0.7123287671232876,tail
2026,3,F0,foreground,14,0.7619047619047619,tail
2026,3,F0,foreground,15,0.6,tail
2026,3,F0,foreground,16,0.0,mid
2026,3,F0,foreground,2,0.9841616602949208,head
2026,3,F0,foreground,3,0.9851380042462845,head
2026,3,F0,foreground,4,0.9874865927779765,head
2026,3,F0,foreground,5,0.9921828021647625,head
2026,3,F0,foreground,6,0.864406779661017,mid
2026,3,F0,foreground,7,0.9815195071868583,head
2026,3,F0,foreground,8,0.8533333333333334,mid
2026,3,F0,foreground,9,0.8648648648648649,mid
2026,3,F0,same_swap,1,0.9882797731568999,head
2026,3,F0,same_swap,10,0.9864864864864865,mid
2026,3,F0,same_swap,11,0.9577464788732394,tail
2026,3,F0,same_swap,12,0.9166666666666666,tail
2026,3,F0,same_swap,13,0.9333333333333333,tail
2026,3,F0,same_swap,14,0.8860759493670886,tail
2026,3,F0,same_swap,15,0.6666666666666666,tail
2026,3,F0,same_swap,16,1.0,mid
2026,3,F0,same_swap,2,0.9828823854224186,head
2026,3,F0,same_swap,3,0.9749256268593285,head
2026,3,F0,same_swap,4,0.9857404021937842,head
2026,3,F0,same_swap,5,0.9963811821471653,head
2026,3,F0,same_swap,6,0.9774436090225563,mid
2026,3,F0,same_swap,7,0.9816700610997964,head
2026,3,F0,same_swap,8,0.864516129032258,mid
2026,3,F0,same_swap,9,0.7252747252747253,mid
2026,3,F0,cross_swap,1,0.7658714112414072,head
2026,3,F0,cross_swap,10,0.06976744186046512,mid
2026,3,F0,cross_swap,11,0.6037735849056604,tail
2026,3,F0,cross_swap,12,0.5614035087719298,tail
2026,3,F0,cross_swap,13,0.4864864864864865,tail
2026,3,F0,cross_swap,14,0.647887323943662,tail
2026,3,F0,cross_swap,15,0.2857142857142857,tail
2026,3,F0,cross_swap,16,0.0,mid
2026,3,F0,cross_swap,2,0.7722991689750692,head
2026,3,F0,cross_swap,3,0.6816829579260518,head
2026,3,F0,cross_swap,4,0.6001967858314201,head
2026,3,F0,cross_swap,5,0.8125,head
2026,3,F0,cross_swap,6,0.5252525252525253,mid
2026,3,F0,cross_swap,7,0.26058631921824105,head
2026,3,F0,cross_swap,8,0.5,mid
2026,3,F0,cross_swap,9,0.2445759368836292,mid
2026,3,F1,original,1,0.9944458470083313,head
2026,3,F1,original,10,0.9864864864864865,mid
2026,3,F1,original,11,0.8947368421052632,tail
2026,3,F1,original,12,0.9583333333333334,tail
2026,3,F1,original,13,0.891566265060241,tail
2026,3,F1,original,14,0.9014084507042254,tail
2026,3,F1,original,15,0.7142857142857143,tail
2026,3,F1,original,16,0.9333333333333333,mid
2026,3,F1,original,2,0.9879385964912281,head
2026,3,F1,original,3,0.9916036943744753,head
2026,3,F1,original,4,0.9992784992784993,head
2026,3,F1,original,5,0.9993964996982498,head
2026,3,F1,original,6,0.9696969696969697,mid
2026,3,F1,original,7,0.9875518672199171,head
2026,3,F1,original,8,0.8627450980392157,mid
2026,3,F1,original,9,0.9538461538461539,mid
2026,3,F1,foreground,1,0.9941992433795712,head
2026,3,F1,foreground,10,0.9864864864864865,mid
2026,3,F1,foreground,11,0.9459459459459459,tail
2026,3,F1,foreground,12,0.9583333333333334,tail
2026,3,F1,foreground,13,0.8780487804878049,tail
2026,3,F1,foreground,14,0.9041095890410958,tail
2026,3,F1,foreground,15,0.6206896551724138,tail
2026,3,F1,foreground,16,0.9508196721311475,mid
2026,3,F1,foreground,2,0.9879253567508233,head
2026,3,F1,foreground,3,0.9911727616645649,head
2026,3,F1,foreground,4,1.0,head
2026,3,F1,foreground,5,0.9981873111782478,head
2026,3,F1,foreground,6,0.953125,mid
2026,3,F1,foreground,7,0.9855072463768116,head
2026,3,F1,foreground,8,0.8846153846153846,mid
2026,3,F1,foreground,9,0.9538461538461539,mid
2026,3,F1,same_swap,1,0.9916666666666667,head
2026,3,F1,same_swap,10,1.0,mid
2026,3,F1,same_swap,11,0.9444444444444444,tail
2026,3,F1,same_swap,12,0.9583333333333334,tail
2026,3,F1,same_swap,13,0.9230769230769231,tail
2026,3,F1,same_swap,14,0.8918918918918919,tail
2026,3,F1,same_swap,15,0.7142857142857143,tail
2026,3,F1,same_swap,16,1.0,mid
2026,3,F1,same_swap,2,0.9828254847645429,head
2026,3,F1,same_swap,3,0.9844472467423288,head
2026,3,F1,same_swap,4,0.9985569985569985,head
2026,3,F1,same_swap,5,0.9951749095295537,head
2026,3,F1,same_swap,6,0.9692307692307692,mid
2026,3,F1,same_swap,7,0.983402489626556,head
2026,3,F1,same_swap,8,0.8589743589743589,mid
2026,3,F1,same_swap,9,0.9496402877697842,mid
2026,3,F1,cross_swap,1,0.8095112979506043,head
2026,3,F1,cross_swap,10,0.2857142857142857,mid
2026,3,F1,cross_swap,11,0.5454545454545454,tail
2026,3,F1,cross_swap,12,0.6875,tail
2026,3,F1,cross_swap,13,0.5263157894736842,tail
2026,3,F1,cross_swap,14,0.6440677966101694,tail
2026,3,F1,cross_swap,15,0.15730337078651685,tail
2026,3,F1,cross_swap,16,0.43902439024390244,mid
2026,3,F1,cross_swap,2,0.8176027793862188,head
2026,3,F1,cross_swap,3,0.7619047619047619,head
2026,3,F1,cross_swap,4,0.7858040201005025,head
2026,3,F1,cross_swap,5,0.7611464968152867,head
2026,3,F1,cross_swap,6,0.6626506024096386,mid
2026,3,F1,cross_swap,7,0.18705035971223022,head
2026,3,F1,cross_swap,8,0.5891472868217055,mid
2026,3,F1,cross_swap,9,0.7532467532467533,mid
17,1,F0,original,1,0.9941832283082889,head
17,1,F0,original,10,1.0,mid
17,1,F0,original,11,0.9354838709677419,tail
17,1,F0,original,12,0.9230769230769231,tail
17,1,F0,original,13,0.9811320754716981,tail
17,1,F0,original,14,0.782608695652174,tail
17,1,F0,original,15,0.8571428571428571,tail
17,1,F0,original,16,1.0,mid
17,1,F0,original,2,0.9943946188340808,head
17,1,F0,original,3,0.9903339191564148,head
17,1,F0,original,4,0.9945629443747386,head
17,1,F0,original,5,0.9974683544303797,head
17,1,F0,original,6,0.8860759493670886,mid
17,1,F0,original,7,0.9805825242718447,head
17,1,F0,original,8,0.8702290076335878,mid
17,1,F0,original,9,0.9674418604651163,mid
17,1,F0,foreground,1,0.9868690519214552,head
17,1,F0,foreground,10,0.9894736842105263,mid
17,1,F0,foreground,11,0.8214285714285714,tail
17,1,F0,foreground,12,0.7619047619047619,tail
17,1,F0,foreground,13,0.9702970297029703,tail
17,1,F0,foreground,14,0.88,tail
17,1,F0,foreground,15,0.918918918918919,tail
17,1,F0,foreground,16,0.1694915254237288,mid
17,1,F0,foreground,2,0.9795013850415513,head
17,1,F0,foreground,3,0.9876868953386104,head
17,1,F0,foreground,4,0.9782161939991779,head
17,1,F0,foreground,5,0.9751750477402928,head
17,1,F0,foreground,6,0.7096774193548387,mid
17,1,F0,foreground,7,0.9607843137254902,head
17,1,F0,foreground,8,0.8925619834710744,mid
17,1,F0,foreground,9,0.9683257918552036,mid
17,1,F0,same_swap,1,0.9890162945081472,head
17,1,F0,same_swap,10,1.0,mid
17,1,F0,same_swap,11,0.9206349206349206,tail
17,1,F0,same_swap,12,0.9387755102040817,tail
17,1,F0,same_swap,13,0.9541284403669725,tail
17,1,F0,same_swap,14,0.6666666666666666,tail
17,1,F0,same_swap,15,0.8235294117647058,tail
17,1,F0,same_swap,16,0.9906542056074766,mid
17,1,F0,same_swap,2,0.986409966024915,head
17,1,F0,same_swap,3,0.9768477292965272,head
17,1,F0,same_swap,4,0.9966527196652719,head
17,1,F0,same_swap,5,0.9955724225173941,head
17,1,F0,same_swap,6,0.8148148148148148,mid
17,1,F0,same_swap,7,0.9714285714285714,head
17,1,F0,same_swap,8,0.8682170542635659,mid
17,1,F0,same_swap,9,0.9292035398230089,mid
17,1,F0,cross_swap,1,0.8024096385542169,head
17,1,F0,cross_swap,10,0.10434782608695652,mid
17,1,F0,cross_swap,11,0.6415094339622641,tail
17,1,F0,cross_swap,12,0.7,tail
17,1,F0,cross_swap,13,0.6875,tail
17,1,F0,cross_swap,14,0.5882352941176471,tail
17,1,F0,cross_swap,15,0.38596491228070173,tail
17,1,F0,cross_swap,16,0.04395604395604396,mid
17,1,F0,cross_swap,2,0.6557788944723618,head
17,1,F0,cross_swap,3,0.6087877183695076,head
17,1,F0,cross_swap,4,0.714334124025754,head
17,1,F0,cross_swap,5,0.7257383966244726,head
17,1,F0,cross_swap,6,0.5542168674698795,mid
17,1,F0,cross_swap,7,0.24242424242424243,head
17,1,F0,cross_swap,8,0.4838709677419355,mid
17,1,F0,cross_swap,9,0.7578125,mid
17,1,F1,original,1,0.9944323408375696,head
17,1,F1,original,10,1.0,mid
17,1,F1,original,11,0.9354838709677419,tail
17,1,F1,original,12,0.9504950495049505,tail
17,1,F1,original,13,1.0,tail
17,1,F1,original,14,0.7692307692307693,tail
17,1,F1,original,15,0.9473684210526315,tail
17,1,F1,original,16,1.0,mid
17,1,F1,original,2,0.996629213483146,head
17,1,F1,original,3,0.9890206411945542,head
17,1,F1,original,4,0.9987410826689047,head
17,1,F1,original,5,0.9987373737373737,head
17,1,F1,original,6,0.8780487804878049,mid
17,1,F1,original,7,0.9952153110047847,head
17,1,F1,original,8,0.928,mid
17,1,F1,original,9,0.9478672985781991,mid
17,1,F1,foreground,1,0.9946744129750665,head
17,1,F1,foreground,10,0.9948186528497409,mid
17,1,F1,foreground,11,0.9523809523809523,tail
17,1,F1,foreground,12,0.9504950495049505,tail
17,1,F1,foreground,13,1.0,tail
17,1,F1,foreground,14,0.7692307692307693,tail
17,1,F1,foreground,15,0.9473684210526315,tail
17,1,F1,foreground,16,0.9906542056074766,mid
17,1,F1,foreground,2,0.9938236945536215,head
17,1,F1,foreground,3,0.9907773386034255,head
17,1,F1,foreground,4,0.9987431922915794,head
17,1,F1,foreground,5,0.9974715549936789,head
17,1,F1,foreground,6,0.9066666666666666,mid
17,1,F1,foreground,7,0.9719626168224299,head
17,1,F1,foreground,8,0.926829268292683,mid
17,1,F1,foreground,9,0.9478672985781991,mid
17,1,F1,same_swap,1,0.9874577906415822,head
17,1,F1,same_swap,10,0.9948186528497409,mid
17,1,F1,same_swap,11,0.8813559322033898,tail
17,1,F1,same_swap,12,0.9504950495049505,tail
17,1,F1,same_swap,13,0.9904761904761905,tail
17,1,F1,same_swap,14,0.6666666666666666,tail
17,1,F1,same_swap,15,0.918918918918919,tail
17,1,F1,same_swap,16,1.0,mid
17,1,F1,same_swap,2,0.9858996051889453,head
17,1,F1,same_swap,3,0.9662618083670715,head
17,1,F1,same_swap,4,0.9991617770326907,head
17,1,F1,same_swap,5,0.998104864181933,head
17,1,F1,same_swap,6,0.8536585365853658,mid
17,1,F1,same_swap,7,0.976303317535545,head
17,1,F1,same_swap,8,0.9264705882352942,mid
17,1,F1,same_swap,9,0.9122807017543859,mid
17,1,F1,cross_swap,1,0.8414287479915956,head
17,1,F1,cross_swap,10,0.6580645161290323,mid
17,1,F1,cross_swap,11,0.6530612244897959,tail
17,1,F1,cross_swap,12,0.76,tail
17,1,F1,cross_swap,13,0.7321428571428571,tail
17,1,F1,cross_swap,14,0.5217391304347826,tail
17,1,F1,cross_swap,15,0.3684210526315789,tail
17,1,F1,cross_swap,16,0.17391304347826086,mid
17,1,F1,cross_swap,2,0.7797619047619048,head
17,1,F1,cross_swap,3,0.7294956698930208,head
17,1,F1,cross_swap,4,0.7592128801431127,head
17,1,F1,cross_swap,5,0.78330658105939,head
17,1,F1,cross_swap,6,0.6329113924050633,mid
17,1,F1,cross_swap,7,0.46357615894039733,head
17,1,F1,cross_swap,8,0.5370370370370371,mid
17,1,F1,cross_swap,9,0.7480916030534351,mid
17,2,F0,original,1,0.9937292511988196,head
17,2,F0,original,10,0.9846153846153847,mid
17,2,F0,original,11,0.9454545454545454,tail
17,2,F0,original,12,0.9496402877697842,tail
17,2,F0,original,13,1.0,tail
17,2,F0,original,14,0.8169014084507042,tail
17,2,F0,original,15,0.9090909090909091,tail
17,2,F0,original,16,0.9873417721518988,mid
17,2,F0,original,2,0.9949008498583569,head
17,2,F0,original,3,0.9888,head
17,2,F0,original,4,0.998981324278438,head
17,2,F0,original,5,1.0,head
17,2,F0,original,6,0.9529411764705882,mid
17,2,F0,original,7,0.9951219512195122,head
17,2,F0,original,8,0.9047619047619048,mid
17,2,F0,original,9,0.9692307692307692,mid
17,2,F0,foreground,1,0.9728658158840292,head
17,2,F0,foreground,10,0.907563025210084,mid
17,2,F0,foreground,11,0.9230769230769231,tail
17,2,F0,foreground,12,0.8225806451612904,tail
17,2,F0,foreground,13,0.87248322147651,tail
17,2,F0,foreground,14,0.6923076923076923,tail
17,2,F0,foreground,15,0.7368421052631579,tail
17,2,F0,foreground,16,0.0,mid
17,2,F0,foreground,2,0.9435180204410973,head
17,2,F0,foreground,3,0.9814366424535916,head
17,2,F0,foreground,4,0.9563517915309446,head
17,2,F0,foreground,5,0.9536494405966969,head
17,2,F0,foreground,6,0.7928994082840237,mid
17,2,F0,foreground,7,0.9807692307692307,head
17,2,F0,foreground,8,0.8,mid
17,2,F0,foreground,9,0.9448818897637795,mid
17,2,F0,same_swap,1,0.9772333580796833,head
17,2,F0,same_swap,10,0.9884169884169884,mid
17,2,F0,same_swap,11,0.9642857142857143,tail
17,2,F0,same_swap,12,0.9104477611940298,tail
17,2,F0,same_swap,13,0.9940828402366864,tail
17,2,F0,same_swap,14,0.7948717948717948,tail
17,2,F0,same_swap,15,0.5555555555555556,tail
17,2,F0,same_swap,16,0.9787234042553191,mid
17,2,F0,same_swap,2,0.9825155104342922,head
17,2,F0,same_swap,3,0.9663558978516417,head
17,2,F0,same_swap,4,0.9925575101488497,head
17,2,F0,same_swap,5,0.9945474372955289,head
17,2,F0,same_swap,6,0.7354260089686099,mid
17,2,F0,same_swap,7,0.9852216748768473,head
17,2,F0,same_swap,8,0.7121212121212122,mid
17,2,F0,same_swap,9,0.9481481481481482,mid
17,2,F0,cross_swap,1,0.7427112723364235,head
17,2,F0,cross_swap,10,0.14606741573033707,mid
17,2,F0,cross_swap,11,0.7843137254901961,tail
17,2,F0,cross_swap,12,0.5039370078740157,tail
17,2,F0,cross_swap,13,0.6950354609929078,tail
17,2,F0,cross_swap,14,0.225,tail
17,2,F0,cross_swap,15,0.2727272727272727,tail
17,2,F0,cross_swap,16,0.03125,mid
17,2,F0,cross_swap,2,0.7291330102315563,head
17,2,F0,cross_swap,3,0.6669658886894075,head
17,2,F0,cross_swap,4,0.6787061994609165,head
17,2,F0,cross_swap,5,0.8266414737836562,head
17,2,F0,cross_swap,6,0.5118110236220472,mid
17,2,F0,cross_swap,7,0.26573426573426573,head
17,2,F0,cross_swap,8,0.3389830508474576,mid
17,2,F0,cross_swap,9,0.7388535031847133,mid
17,2,F1,original,1,0.9939736809740499,head
17,2,F1,original,10,0.9961089494163424,mid
17,2,F1,original,11,1.0,tail
17,2,F1,original,12,0.971830985915493,tail
17,2,F1,original,13,1.0,tail
17,2,F1,original,14,0.7272727272727273,tail
17,2,F1,original,15,1.0,tail
17,2,F1,original,16,0.9833333333333333,mid
17,2,F1,original,2,0.9965909090909091,head
17,2,F1,original,3,0.9952229299363057,head
17,2,F1,original,4,0.99830335934849,head
17,2,F1,original,5,0.9989047097480832,head
17,2,F1,original,6,0.9882352941176471,mid
17,2,F1,original,7,0.9807692307692307,head
17,2,F1,original,8,0.859504132231405,mid
17,2,F1,original,9,0.9682539682539683,mid
17,2,F1,foreground,1,0.9925070630143717,head
17,2,F1,foreground,10,1.0,mid
17,2,F1,foreground,11,0.9629629629629629,tail
17,2,F1,foreground,12,0.9790209790209791,tail
17,2,F1,foreground,13,1.0,tail
17,2,F1,foreground,14,0.746268656716418,tail
17,2,F1,foreground,15,0.96,tail
17,2,F1,foreground,16,0.9915966386554622,mid
17,2,F1,foreground,2,0.997160704145372,head
17,2,F1,foreground,3,0.9940167530913442,head
17,2,F1,foreground,4,0.999660441426146,head
17,2,F1,foreground,5,1.0,head
17,2,F1,foreground,6,0.9940828402366864,mid
17,2,F1,foreground,7,0.9807692307692307,head
17,2,F1,foreground,8,0.7931034482758621,mid
17,2,F1,foreground,9,0.953125,mid
17,2,F1,same_swap,1,0.9862644101054697,head
17,2,F1,same_swap,10,0.9922480620155039,mid
17,2,F1,same_swap,11,0.9818181818181818,tail
17,2,F1,same_swap,12,0.9577464788732394,tail
17,2,F1,same_swap,13,0.9940119760479041,tail
17,2,F1,same_swap,14,0.7096774193548387,tail
17,2,F1,same_swap,15,0.8888888888888888,tail
17,2,F1,same_swap,16,0.9873417721518988,mid
17,2,F1,same_swap,2,0.9875424688561721,head
17,2,F1,same_swap,3,0.9732360097323601,head
17,2,F1,same_swap,4,0.9972807613868117,head
17,2,F1,same_swap,5,0.9994532531437944,head
17,2,F1,same_swap,6,0.9204545454545454,mid
17,2,F1,same_swap,7,0.9711538461538461,head
17,2,F1,same_swap,8,0.704,mid
17,2,F1,same_swap,9,0.9,mid
17,2,F1,cross_swap,1,0.7807938540332906,head
17,2,F1,cross_swap,10,0.3005181347150259,mid
17,2,F1,cross_swap,11,0.75,tail
17,2,F1,cross_swap,12,0.7596899224806202,tail
17,2,F1,cross_swap,13,0.7976878612716763,tail
17,2,F1,cross_swap,14,0.2916666666666667,tail
17,2,F1,cross_swap,15,0.23728813559322035,tail
17,2,F1,cross_swap,16,0.28378378378378377,mid
17,2,F1,cross_swap,2,0.7282674772036474,head
17,2,F1,cross_swap,3,0.6559189313680331,head
17,2,F1,cross_swap,4,0.7115657857345837,head
17,2,F1,cross_swap,5,0.7902930402930403,head
17,2,F1,cross_swap,6,0.7142857142857143,mid
17,2,F1,cross_swap,7,0.45454545454545453,head
17,2,F1,cross_swap,8,0.40816326530612246,mid
17,2,F1,cross_swap,9,0.7552447552447552,mid
17,3,F0,original,1,0.9940589053217039,head
17,3,F0,original,10,0.9864864864864865,mid
17,3,F0,original,11,0.9736842105263158,tail
17,3,F0,original,12,0.9333333333333333,tail
17,3,F0,original,13,0.9302325581395349,tail
17,3,F0,original,14,0.8767123287671232,tail
17,3,F0,original,15,0.8695652173913043,tail
17,3,F0,original,16,0.9846153846153847,mid
17,3,F0,original,2,0.9895776193088316,head
17,3,F0,original,3,0.9920335429769392,head
17,3,F0,original,4,0.9974774774774775,head
17,3,F0,original,5,0.9981873111782478,head
17,3,F0,original,6,0.9375,mid
17,3,F0,original,7,0.9812108559498957,head
17,3,F0,original,8,0.8711656441717791,mid
17,3,F0,original,9,0.9774436090225563,mid
17,3,F0,foreground,1,0.979179810725552,head
17,3,F0,foreground,10,0.9361702127659575,mid
17,3,F0,foreground,11,0.96,tail
17,3,F0,foreground,12,0.6060606060606061,tail
17,3,F0,foreground,13,0.6470588235294118,tail
17,3,F0,foreground,14,0.735632183908046,tail
17,3,F0,foreground,15,0.5263157894736842,tail
17,3,F0,foreground,16,0.0,mid
17,3,F0,foreground,2,0.968228325255789,head
17,3,F0,foreground,3,0.9816971713810316,head
17,3,F0,foreground,4,0.9875044626918957,head
17,3,F0,foreground,5,0.9757869249394673,head
17,3,F0,foreground,6,0.6862745098039216,mid
17,3,F0,foreground,7,0.983402489626556,head
17,3,F0,foreground,8,0.8461538461538461,mid
17,3,F0,foreground,9,0.9552238805970149,mid
17,3,F0,same_swap,1,0.9861199541576467,head
17,3,F0,same_swap,10,1.0,mid
17,3,F0,same_swap,11,0.972972972972973,tail
17,3,F0,same_swap,12,0.8695652173913043,tail
17,3,F0,same_swap,13,0.9090909090909091,tail
17,3,F0,same_swap,14,0.7816091954022989,tail
17,3,F0,same_swap,15,0.8695652173913043,tail
17,3,F0,same_swap,16,1.0,mid
17,3,F0,same_swap,2,0.9846322722283205,head
17,3,F0,same_swap,3,0.9812578092461475,head
17,3,F0,same_swap,4,0.9942279942279942,head
17,3,F0,same_swap,5,0.9951573849878934,head
17,3,F0,same_swap,6,0.9291338582677166,mid
17,3,F0,same_swap,7,0.9938144329896907,head
17,3,F0,same_swap,8,0.813953488372093,mid
17,3,F0,same_swap,9,0.8552631578947368,mid
17,3,F0,cross_swap,1,0.7657437567861021,head
17,3,F0,cross_swap,10,0.3063063063063063,mid
17,3,F0,cross_swap,11,0.8169014084507042,tail
17,3,F0,cross_swap,12,0.4897959183673469,tail
17,3,F0,cross_swap,13,0.44776119402985076,tail
17,3,F0,cross_swap,14,0.47619047619047616,tail
17,3,F0,cross_swap,15,0.25806451612903225,tail
17,3,F0,cross_swap,16,0.03333333333333333,mid
17,3,F0,cross_swap,2,0.812989921612542,head
17,3,F0,cross_swap,3,0.7219784603111289,head
17,3,F0,cross_swap,4,0.6923969820081254,head
17,3,F0,cross_swap,5,0.7599243856332704,head
17,3,F0,cross_swap,6,0.4925373134328358,mid
17,3,F0,cross_swap,7,0.2689655172413793,head
17,3,F0,cross_swap,8,0.4,mid
17,3,F0,cross_swap,9,0.5147679324894515,mid
17,3,F1,original,1,0.9933038534428301,head
17,3,F1,original,10,0.7704918032786885,mid
17,3,F1,original,11,0.9863013698630136,tail
17,3,F1,original,12,0.8363636363636363,tail
17,3,F1,original,13,0.9302325581395349,tail
17,3,F1,original,14,0.8181818181818182,tail
17,3,F1,original,15,0.8235294117647058,tail
17,3,F1,original,16,0.7191011235955056,mid
17,3,F1,original,2,0.9852216748768473,head
17,3,F1,original,3,0.9928421052631579,head
17,3,F1,original,4,0.9981981981981982,head
17,3,F1,original,5,0.9993964996982498,head
17,3,F1,original,6,0.96875,mid
17,3,F1,original,7,0.9898167006109979,head
17,3,F1,original,8,0.782608695652174,mid
17,3,F1,original,9,1.0,mid
17,3,F1,foreground,1,0.9934409687184662,head
17,3,F1,foreground,10,0.9795918367346939,mid
17,3,F1,foreground,11,0.9863013698630136,tail
17,3,F1,foreground,12,0.9583333333333334,tail
17,3,F1,foreground,13,0.9425287356321839,tail
17,3,F1,foreground,14,0.7954545454545454,tail
17,3,F1,foreground,15,0.75,tail
17,3,F1,foreground,16,0.8571428571428571,mid
17,3,F1,foreground,2,0.9879518072289156,head
17,3,F1,foreground,3,0.9919729615547106,head
17,3,F1,foreground,4,0.9978386167146974,head
17,3,F1,foreground,5,0.9951923076923077,head
17,3,F1,foreground,6,0.9848484848484849,mid
17,3,F1,foreground,7,0.9856850715746421,head
17,3,F1,foreground,8,0.7913669064748201,mid
17,3,F1,foreground,9,1.0,mid
17,3,F1,same_swap,1,0.9785495403472931,head
17,3,F1,same_swap,10,0.7704918032786885,mid
17,3,F1,same_swap,11,0.9577464788732394,tail
17,3,F1,same_swap,12,0.3793103448275862,tail
17,3,F1,same_swap,13,0.9302325581395349,tail
17,3,F1,same_swap,14,0.6548672566371682,tail
17,3,F1,same_swap,15,0.6666666666666666,tail
17,3,F1,same_swap,16,0.7619047619047619,mid
17,3,F1,same_swap,2,0.9901531728665208,head
17,3,F1,same_swap,3,0.980859208847299,head
17,3,F1,same_swap,4,0.9942446043165467,head
17,3,F1,same_swap,5,0.9957907396271798,head
17,3,F1,same_swap,6,0.9465648854961832,mid
17,3,F1,same_swap,7,0.9917695473251029,head
17,3,F1,same_swap,8,0.75177304964539,mid
17,3,F1,same_swap,9,0.8859060402684564,mid
17,3,F1,cross_swap,1,0.7912995594713657,head
17,3,F1,cross_swap,10,0.02531645569620253,mid
17,3,F1,cross_swap,11,0.6181818181818182,tail
17,3,F1,cross_swap,12,0.184,tail
17,3,F1,cross_swap,13,0.684931506849315,tail
17,3,F1,cross_swap,14,0.4631578947368421,tail
17,3,F1,cross_swap,15,0.3157894736842105,tail
17,3,F1,cross_swap,16,0.04081632653061224,mid
17,3,F1,cross_swap,2,0.7751769188894937,head
17,3,F1,cross_swap,3,0.8044596912521441,head
17,3,F1,cross_swap,4,0.7128894318875992,head
17,3,F1,cross_swap,5,0.8127361036157582,head
17,3,F1,cross_swap,6,0.6944444444444444,mid
17,3,F1,cross_swap,7,0.20134228187919462,head
17,3,F1,cross_swap,8,0.39416058394160586,mid
17,3,F1,cross_swap,9,0.5550239234449761,mid
