id,run,species_id,tier,f1,val_support
A0,A0_s0_ce_seed407,1,head,0.9939024390243902,1808
A0,A0_s0_ce_seed407,10,mid,1.0,33
A0,A0_s0_ce_seed407,11,tail,1.0,21
A0,A0_s0_ce_seed407,12,tail,0.6666666666666666,10
A0,A0_s0_ce_seed407,13,tail,0.9473684210526315,9
A0,A0_s0_ce_seed407,14,tail,0.9285714285714286,14
A0,A0_s0_ce_seed407,15,tail,0.8,5
A0,A0_s0_ce_seed407,16,mid,1.0,43
A0,A0_s0_ce_seed407,2,head,0.9960578186596584,380
A0,A0_s0_ce_seed407,3,head,0.991869918699187,552
A0,A0_s0_ce_seed407,4,head,0.9979381443298969,728
A0,A0_s0_ce_seed407,5,head,1.0,358
A0,A0_s0_ce_seed407,6,mid,0.9285714285714286,30
A0,A0_s0_ce_seed407,7,head,0.9923664122137404,65
A0,A0_s0_ce_seed407,8,mid,0.8888888888888888,28
A0,A0_s0_ce_seed407,9,mid,0.975609756097561,40
A1,A1_s1_ce_seed407,1,head,0.9947586206896551,1808
A1,A1_s1_ce_seed407,10,mid,1.0,33
A1,A1_s1_ce_seed407,11,tail,0.9767441860465116,21
A1,A1_s1_ce_seed407,12,tail,0.9090909090909091,10
A1,A1_s1_ce_seed407,13,tail,1.0,9
A1,A1_s1_ce_seed407,14,tail,0.9655172413793104,14
A1,A1_s1_ce_seed407,15,tail,1.0,5
A1,A1_s1_ce_seed407,16,mid,0.9882352941176471,43
A1,A1_s1_ce_seed407,2,head,0.9973684210526316,380
A1,A1_s1_ce_seed407,3,head,0.9927536231884058,552
A1,A1_s1_ce_seed407,4,head,0.9986263736263736,728
A1,A1_s1_ce_seed407,5,head,1.0,358
A1,A1_s1_ce_seed407,6,mid,0.9473684210526315,30
A1,A1_s1_ce_seed407,7,head,1.0,65
A1,A1_s1_ce_seed407,8,mid,0.8,28
A1,A1_s1_ce_seed407,9,mid,0.961038961038961,40
A2,A2_s2_ce_seed407,1,head,0.9939058171745152,1808
A2,A2_s2_ce_seed407,10,mid,1.0,33
A2,A2_s2_ce_seed407,11,tail,0.9545454545454546,21
A2,A2_s2_ce_seed407,12,tail,0.8235294117647058,10
A2,A2_s2_ce_seed407,13,tail,0.9473684210526315,9
A2,A2_s2_ce_seed407,14,tail,0.9655172413793104,14
A2,A2_s2_ce_seed407,15,tail,0.9090909090909091,5
A2,A2_s2_ce_seed407,16,mid,0.9767441860465116,43
A2,A2_s2_ce_seed407,2,head,0.9934469200524246,380
A2,A2_s2_ce_seed407,3,head,0.9838129496402878,552
A2,A2_s2_ce_seed407,4,head,0.9993136582017845,728
A2,A2_s2_ce_seed407,5,head,0.9971988795518207,358
A2,A2_s2_ce_seed407,6,mid,1.0,30
A2,A2_s2_ce_seed407,7,head,0.9923664122137404,65
A2,A2_s2_ce_seed407,8,mid,0.75,28
A2,A2_s2_ce_seed407,9,mid,0.9629629629629629,40
A3,A3_s3_ce_seed407,1,head,0.9944629014396457,1808
A3,A3_s3_ce_seed407,10,mid,1.0,33
A3,A3_s3_ce_seed407,11,tail,1.0,21
A3,A3_s3_ce_seed407,12,tail,0.7,10
A3,A3_s3_ce_seed407,13,tail,0.9,9
A3,A3_s3_ce_seed407,14,tail,0.9285714285714286,14
A3,A3_s3_ce_seed407,15,tail,1.0,5
A3,A3_s3_ce_seed407,16,mid,1.0,43
A3,A3_s3_ce_seed407,2,head,0.9947643979057592,380
A3,A3_s3_ce_seed407,3,head,0.9918552036199095,552
A3,A3_s3_ce_seed407,4,head,1.0,728
A3,A3_s3_ce_seed407,5,head,1.0,358
A3,A3_s3_ce_seed407,6,mid,0.9655172413793104,30
A3,A3_s3_ce_seed407,7,head,1.0,65
A3,A3_s3_ce_seed407,8,mid,0.8070175438596491,28
A3,A3_s3_ce_seed407,9,mid,0.9743589743589743,40
A4-I,A4I_s0_balanced_image_seed407,1,head,0.9950055493895672,1808
A4-I,A4I_s0_balanced_image_seed407,10,mid,1.0,33
A4-I,A4I_s0_balanced_image_seed407,11,tail,1.0,21
A4-I,A4I_s0_balanced_image_seed407,12,tail,1.0,10
A4-I,A4I_s0_balanced_image_seed407,13,tail,0.9473684210526315,9
A4-I,A4I_s0_balanced_image_seed407,14,tail,0.8666666666666667,14
A4-I,A4I_s0_balanced_image_seed407,15,tail,0.9090909090909091,5
A4-I,A4I_s0_balanced_image_seed407,16,mid,1.0,43
A4-I,A4I_s0_balanced_image_seed407,2,head,0.9973753280839895,380
A4-I,A4I_s0_balanced_image_seed407,3,head,0.9918404351767905,552
A4-I,A4I_s0_balanced_image_seed407,4,head,1.0,728
A4-I,A4I_s0_balanced_image_seed407,5,head,1.0,358
A4-I,A4I_s0_balanced_image_seed407,6,mid,0.9836065573770492,30
A4-I,A4I_s0_balanced_image_seed407,7,head,1.0,65
A4-I,A4I_s0_balanced_image_seed407,8,mid,0.9032258064516129,28
A4-I,A4I_s0_balanced_image_seed407,9,mid,1.0,40
A4-T,A4T_s0_balanced_track_seed407,1,head,0.9925104022191401,1808
A4-T,A4T_s0_balanced_track_seed407,10,mid,0.9846153846153847,33
A4-T,A4T_s0_balanced_track_seed407,11,tail,0.9047619047619048,21
A4-T,A4T_s0_balanced_track_seed407,12,tail,0.48484848484848486,10
A4-T,A4T_s0_balanced_track_seed407,13,tail,0.72,9
A4-T,A4T_s0_balanced_track_seed407,14,tail,0.896551724137931,14
A4-T,A4T_s0_balanced_track_seed407,15,tail,1.0,5
A4-T,A4T_s0_balanced_track_seed407,16,mid,0.945054945054945,43
A4-T,A4T_s0_balanced_track_seed407,2,head,0.9813829787234043,380
A4-T,A4T_s0_balanced_track_seed407,3,head,0.9881710646041856,552
A4-T,A4T_s0_balanced_track_seed407,4,head,0.9972451790633609,728
A4-T,A4T_s0_balanced_track_seed407,5,head,0.9958041958041958,358
A4-T,A4T_s0_balanced_track_seed407,6,mid,0.9090909090909091,30
A4-T,A4T_s0_balanced_track_seed407,7,head,0.9923664122137404,65
A4-T,A4T_s0_balanced_track_seed407,8,mid,0.9032258064516129,28
A4-T,A4T_s0_balanced_track_seed407,9,mid,0.9024390243902439,40
A5-I,A5I_s1_balanced_image_seed407,1,head,0.9958368026644463,1808
A5-I,A5I_s1_balanced_image_seed407,10,mid,1.0,33
A5-I,A5I_s1_balanced_image_seed407,11,tail,0.9545454545454546,21
A5-I,A5I_s1_balanced_image_seed407,12,tail,0.8421052631578947,10
A5-I,A5I_s1_balanced_image_seed407,13,tail,0.9,9
A5-I,A5I_s1_balanced_image_seed407,14,tail,0.8125,14
A5-I,A5I_s1_balanced_image_seed407,15,tail,0.9090909090909091,5
A5-I,A5I_s1_balanced_image_seed407,16,mid,1.0,43
A5-I,A5I_s1_balanced_image_seed407,2,head,0.9960681520314548,380
A5-I,A5I_s1_balanced_image_seed407,3,head,0.9918552036199095,552
A5-I,A5I_s1_balanced_image_seed407,4,head,1.0,728
A5-I,A5I_s1_balanced_image_seed407,5,head,1.0,358
A5-I,A5I_s1_balanced_image_seed407,6,mid,0.9666666666666667,30
A5-I,A5I_s1_balanced_image_seed407,7,head,1.0,65
A5-I,A5I_s1_balanced_image_seed407,8,mid,0.8070175438596491,28
A5-I,A5I_s1_balanced_image_seed407,9,mid,1.0,40
A5-T,A5T_s1_balanced_track_seed407,1,head,0.9958414194621569,1808
A5-T,A5T_s1_balanced_track_seed407,10,mid,1.0,33
A5-T,A5T_s1_balanced_track_seed407,11,tail,0.9545454545454546,21
A5-T,A5T_s1_balanced_track_seed407,12,tail,0.8421052631578947,10
A5-T,A5T_s1_balanced_track_seed407,13,tail,0.9,9
A5-T,A5T_s1_balanced_track_seed407,14,tail,0.9629629629629629,14
A5-T,A5T_s1_balanced_track_seed407,15,tail,0.9090909090909091,5
A5-T,A5T_s1_balanced_track_seed407,16,mid,1.0,43
A5-T,A5T_s1_balanced_track_seed407,2,head,0.9973753280839895,380
A5-T,A5T_s1_balanced_track_seed407,3,head,0.9936651583710407,552
A5-T,A5T_s1_balanced_track_seed407,4,head,0.9993127147766323,728
A5-T,A5T_s1_balanced_track_seed407,5,head,1.0,358
A5-T,A5T_s1_balanced_track_seed407,6,mid,0.9830508474576272,30
A5-T,A5T_s1_balanced_track_seed407,7,head,1.0,65
A5-T,A5T_s1_balanced_track_seed407,8,mid,0.9,28
A5-T,A5T_s1_balanced_track_seed407,9,mid,0.9876543209876543,40
