fold,seed,donor_species,recipient_species,n,f0_correct,cxt_correct,delta_correct
1,3407,1,1,43,0.06976744186046512,0.5116279069767442,0.4418604651162791
1,3407,1,2,19,0.631578947368421,0.5789473684210527,-0.05263157894736842
1,3407,1,3,28,0.7857142857142857,0.9285714285714286,0.14285714285714285
1,3407,1,4,19,0.631578947368421,0.7368421052631579,0.10526315789473684
1,3407,1,5,7,0.8571428571428571,0.8571428571428571,0.0
1,3407,1,6,10,0.5,0.4,-0.1
1,3407,1,7,31,0.0,0.03225806451612903,0.03225806451612903
1,3407,1,8,466,0.6695278969957081,0.6394849785407726,-0.030042918454935622
1,3407,1,9,606,0.5478547854785478,0.7260726072607261,0.1782178217821782
1,3407,1,10,640,0.9109375,0.8953125,-0.015625
1,3407,1,11,394,0.9898477157360406,0.748730964467005,-0.24111675126903553
1,3407,1,12,21,0.6666666666666666,0.7142857142857143,0.047619047619047616
1,3407,1,13,55,0.07272727272727272,0.12727272727272726,0.05454545454545454
1,3407,1,14,34,0.4411764705882353,0.5294117647058824,0.08823529411764706
1,3407,1,15,50,0.66,0.88,0.22
1,3407,10,0,73,0.8904109589041096,0.9178082191780822,0.0273972602739726
1,3407,10,4,2,1.0,1.0,0.0
1,3407,10,7,1,0.0,0.0,0.0
1,3407,10,8,10,0.7,0.7,0.0
1,3407,10,9,16,0.875,0.875,0.0
1,3407,10,10,17,1.0,1.0,0.0
1,3407,10,11,7,1.0,1.0,0.0
1,3407,10,13,2,0.5,0.0,-0.5
1,3407,10,15,2,1.0,0.5,-0.5
1,3407,11,0,30,0.9666666666666667,0.9333333333333333,-0.03333333333333333
1,3407,11,3,1,1.0,1.0,0.0
1,3407,11,4,1,1.0,1.0,0.0
1,3407,11,8,2,0.5,0.5,0.0
1,3407,11,9,3,0.3333333333333333,1.0,0.6666666666666666
1,3407,11,10,7,1.0,1.0,0.0
1,3407,11,11,5,1.0,0.8,-0.2
1,3407,11,13,1,0.0,1.0,1.0
1,3407,12,0,40,1.0,0.95,-0.05
1,3407,12,1,1,1.0,1.0,0.0
1,3407,12,8,6,0.8333333333333334,0.5,-0.3333333333333333
1,3407,12,9,10,0.6,0.4,-0.2
1,3407,12,10,12,0.9166666666666666,0.9166666666666666,0.0
1,3407,12,11,4,1.0,1.0,0.0
1,3407,12,12,1,0.0,0.0,0.0
1,3407,12,15,1,1.0,1.0,0.0
1,3407,13,0,39,0.5128205128205128,0.7435897435897436,0.23076923076923078
1,3407,13,1,2,0.0,0.0,0.0
1,3407,13,7,2,0.0,0.0,0.0
1,3407,13,8,2,1.0,0.5,-0.5
1,3407,13,9,10,0.4,0.7,0.3
1,3407,13,10,10,1.0,0.9,-0.1
1,3407,13,11,11,1.0,0.9090909090909091,-0.09090909090909091
1,3407,14,0,9,0.8888888888888888,1.0,0.1111111111111111
1,3407,14,9,2,1.0,1.0,0.0
1,3407,14,10,3,0.6666666666666666,1.0,0.3333333333333333
1,3407,14,11,3,0.6666666666666666,0.3333333333333333,-0.3333333333333333
1,3407,15,0,18,1.0,0.9444444444444444,-0.05555555555555555
1,3407,15,8,4,1.0,1.0,0.0
1,3407,15,9,1,1.0,1.0,0.0
1,3407,15,10,3,1.0,1.0,0.0
1,3407,15,11,2,1.0,0.5,-0.5
1,3407,15,13,1,1.0,1.0,0.0
1,3407,16,0,45,0.8444444444444444,0.9555555555555556,0.1111111111111111
1,3407,16,2,2,1.0,1.0,0.0
1,3407,16,4,1,0.0,1.0,1.0
1,3407,16,8,2,0.0,0.5,0.5
1,3407,16,9,8,0.625,0.875,0.25
1,3407,16,10,5,0.6,1.0,0.4
1,3407,16,11,9,1.0,0.8888888888888888,-0.1111111111111111
1,3407,16,13,2,0.0,0.5,0.5
1,3407,16,14,1,1.0,1.0,0.0
1,3407,2,0,788,0.8857868020304569,0.9314720812182741,0.04568527918781726
1,3407,2,1,15,0.0,0.7333333333333333,0.7333333333333333
1,3407,2,2,2,0.5,0.5,0.0
1,3407,2,3,2,1.0,1.0,0.0
1,3407,2,4,5,0.4,0.8,0.4
1,3407,2,6,1,0.0,1.0,1.0
1,3407,2,7,5,0.0,0.0,0.0
1,3407,2,9,149,0.9060402684563759,0.9530201342281879,0.04697986577181208
1,3407,2,10,152,0.6973684210526315,0.7631578947368421,0.06578947368421052
1,3407,2,11,97,0.979381443298969,0.7628865979381443,-0.21649484536082475
1,3407,2,12,3,0.6666666666666666,1.0,0.3333333333333333
1,3407,2,13,6,0.8333333333333334,0.8333333333333334,0.0
1,3407,2,14,3,0.6666666666666666,0.3333333333333333,-0.3333333333333333
1,3407,2,15,7,0.7142857142857143,0.8571428571428571,0.14285714285714285
1,3407,3,0,1060,0.839622641509434,0.8452830188679246,0.005660377358490566
1,3407,3,1,11,0.18181818181818182,0.7272727272727273,0.5454545454545454
1,3407,3,2,3,1.0,1.0,0.0
1,3407,3,3,9,0.7777777777777778,0.8888888888888888,0.1111111111111111
1,3407,3,4,11,0.8181818181818182,0.9090909090909091,0.09090909090909091
1,3407,3,5,3,1.0,1.0,0.0
1,3407,3,6,1,1.0,1.0,0.0
1,3407,3,7,4,0.0,0.5,0.5
1,3407,3,8,130,0.9,0.9076923076923077,0.007692307692307693
1,3407,3,10,175,0.8,0.8685714285714285,0.06857142857142857
1,3407,3,11,109,0.9724770642201835,0.7522935779816514,-0.22018348623853212
1,3407,3,12,4,0.5,0.75,0.25
1,3407,3,13,12,0.25,0.16666666666666666,-0.08333333333333333
1,3407,3,14,8,0.75,0.875,0.125
1,3407,3,15,16,0.8125,0.875,0.0625
1,3407,4,0,1066,0.4343339587242026,0.6172607879924953,0.18292682926829268
1,3407,4,1,14,0.0,0.14285714285714285,0.14285714285714285
1,3407,4,2,3,0.3333333333333333,0.3333333333333333,0.0
1,3407,4,3,7,0.5714285714285714,0.8571428571428571,0.2857142857142857
1,3407,4,4,8,0.5,0.625,0.125
1,3407,4,5,2,0.5,1.0,0.5
1,3407,4,6,2,0.0,0.0,0.0
1,3407,4,7,5,0.0,1.0,1.0
1,3407,4,8,131,0.19083969465648856,0.25190839694656486,0.061068702290076333
1,3407,4,9,172,0.5523255813953488,0.5523255813953488,0.0
1,3407,4,11,119,0.9327731092436975,0.8739495798319328,-0.058823529411764705
1,3407,4,12,8,0.25,0.75,0.5
1,3407,4,13,13,0.0,0.0,0.0
1,3407,4,14,6,0.6666666666666666,0.3333333333333333,-0.3333333333333333
1,3407,4,15,19,0.42105263157894735,0.3684210526315789,-0.05263157894736842
1,3407,5,0,648,0.6944444444444444,0.8549382716049383,0.16049382716049382
1,3407,5,1,8,0.0,0.125,0.125
1,3407,5,2,2,0.5,0.0,-0.5
1,3407,5,3,3,0.3333333333333333,1.0,0.6666666666666666
1,3407,5,4,5,0.4,0.6,0.2
1,3407,5,5,1,1.0,1.0,0.0
1,3407,5,6,4,0.75,0.5,-0.25
1,3407,5,7,5,0.0,0.0,0.0
1,3407,5,8,89,0.6629213483146067,0.6966292134831461,0.033707865168539325
1,3407,5,9,119,0.5882352941176471,0.6218487394957983,0.03361344537815126
1,3407,5,10,114,0.7894736842105263,0.8859649122807017,0.09649122807017543
1,3407,5,12,2,1.0,1.0,0.0
1,3407,5,13,12,0.0,0.16666666666666666,0.16666666666666666
1,3407,5,14,8,0.0,0.0,0.0
1,3407,5,15,14,0.5714285714285714,0.8571428571428571,0.2857142857142857
1,3407,6,0,34,1.0,1.0,0.0
1,3407,6,6,2,1.0,1.0,0.0
1,3407,6,8,10,1.0,1.0,0.0
1,3407,6,9,7,0.5714285714285714,0.7142857142857143,0.14285714285714285
1,3407,6,10,9,0.7777777777777778,0.7777777777777778,0.0
1,3407,6,11,1,1.0,1.0,0.0
1,3407,6,13,1,1.0,1.0,0.0
1,3407,6,15,1,1.0,1.0,0.0
1,3407,7,0,94,0.9574468085106383,0.9680851063829787,0.010638297872340425
1,3407,7,1,1,0.0,1.0,1.0
1,3407,7,8,18,1.0,1.0,0.0
1,3407,7,9,11,1.0,1.0,0.0
1,3407,7,10,15,0.9333333333333333,0.6666666666666666,-0.26666666666666666
1,3407,7,11,14,1.0,0.6428571428571429,-0.35714285714285715
1,3407,7,14,1,1.0,1.0,0.0
1,3407,8,0,68,0.9411764705882353,0.8970588235294118,-0.04411764705882353
1,3407,8,2,1,0.0,0.0,0.0
1,3407,8,7,1,0.0,0.0,0.0
1,3407,8,8,6,1.0,0.8333333333333334,-0.16666666666666666
1,3407,8,9,11,0.8181818181818182,1.0,0.18181818181818182
1,3407,8,10,11,1.0,1.0,0.0
1,3407,8,11,6,1.0,0.5,-0.5
1,3407,8,12,1,1.0,1.0,0.0
1,3407,9,0,105,0.9904761904761905,0.9523809523809523,-0.0380952380952381
1,3407,9,1,1,1.0,1.0,0.0
1,3407,9,2,1,1.0,1.0,0.0
1,3407,9,3,1,1.0,1.0,0.0
1,3407,9,8,14,0.9285714285714286,0.9285714285714286,0.0
1,3407,9,9,17,0.8823529411764706,1.0,0.11764705882352941
1,3407,9,10,19,0.9473684210526315,0.8421052631578947,-0.10526315789473684
1,3407,9,11,10,1.0,0.7,-0.3
1,3407,9,14,5,0.6,0.6,0.0
1,2026,1,1,43,0.023255813953488372,0.6744186046511628,0.6511627906976745
1,2026,1,2,19,0.3684210526315789,0.5789473684210527,0.21052631578947367
1,2026,1,3,28,0.8571428571428571,0.8928571428571429,0.03571428571428571
1,2026,1,4,19,0.631578947368421,0.6842105263157895,0.05263157894736842
1,2026,1,5,7,0.7142857142857143,0.7142857142857143,0.0
1,2026,1,6,10,0.0,0.2,0.2
1,2026,1,7,31,0.0,0.12903225806451613,0.12903225806451613
1,2026,1,8,466,0.8004291845493562,0.6952789699570815,-0.10515021459227468
1,2026,1,9,606,0.641914191419142,0.6996699669966997,0.057755775577557754
1,2026,1,10,640,0.8875,0.9140625,0.0265625
1,2026,1,11,394,0.7258883248730964,0.9898477157360406,0.2639593908629442
1,2026,1,12,21,0.38095238095238093,0.7142857142857143,0.3333333333333333
1,2026,1,13,55,0.07272727272727272,0.21818181818181817,0.14545454545454545
1,2026,1,14,34,0.35294117647058826,0.5882352941176471,0.23529411764705882
1,2026,1,15,50,0.92,0.86,-0.06
1,2026,10,0,73,0.2191780821917808,0.9178082191780822,0.6986301369863014
1,2026,10,4,2,1.0,1.0,0.0
1,2026,10,7,1,0.0,1.0,1.0
1,2026,10,8,10,0.7,0.7,0.0
1,2026,10,9,16,0.375,0.625,0.25
1,2026,10,10,17,1.0,1.0,0.0
1,2026,10,11,7,1.0,1.0,0.0
1,2026,10,13,2,0.0,0.5,0.5
1,2026,10,15,2,0.5,0.5,0.0
1,2026,11,0,30,0.9333333333333333,0.9,-0.03333333333333333
1,2026,11,3,1,1.0,1.0,0.0
1,2026,11,4,1,1.0,1.0,0.0
1,2026,11,8,2,0.5,0.5,0.0
1,2026,11,9,3,0.6666666666666666,1.0,0.3333333333333333
1,2026,11,10,7,1.0,1.0,0.0
1,2026,11,11,5,1.0,1.0,0.0
1,2026,11,13,1,1.0,1.0,0.0
1,2026,12,0,40,0.9,0.925,0.025
1,2026,12,1,1,1.0,1.0,0.0
1,2026,12,8,6,0.8333333333333334,0.3333333333333333,-0.5
1,2026,12,9,10,0.8,0.3,-0.5
1,2026,12,10,12,1.0,0.8333333333333334,-0.16666666666666666
1,2026,12,11,4,1.0,1.0,0.0
1,2026,12,12,1,0.0,0.0,0.0
1,2026,12,15,1,1.0,1.0,0.0
1,2026,13,0,39,0.5897435897435898,0.6410256410256411,0.05128205128205128
1,2026,13,1,2,0.0,0.0,0.0
1,2026,13,7,2,0.0,0.0,0.0
1,2026,13,8,2,0.5,0.0,-0.5
1,2026,13,9,10,0.5,0.6,0.1
1,2026,13,10,10,1.0,1.0,0.0
1,2026,13,11,11,0.9090909090909091,1.0,0.09090909090909091
1,2026,14,0,9,1.0,1.0,0.0
1,2026,14,9,2,1.0,1.0,0.0
1,2026,14,10,3,1.0,1.0,0.0
1,2026,14,11,3,0.6666666666666666,1.0,0.3333333333333333
1,2026,15,0,18,1.0,1.0,0.0
1,2026,15,8,4,1.0,0.75,-0.25
1,2026,15,9,1,1.0,1.0,0.0
1,2026,15,10,3,1.0,1.0,0.0
1,2026,15,11,2,0.5,1.0,0.5
1,2026,15,13,1,1.0,1.0,0.0
1,2026,16,0,45,0.9333333333333333,0.9333333333333333,0.0
1,2026,16,2,2,1.0,1.0,0.0
1,2026,16,4,1,1.0,1.0,0.0
1,2026,16,8,2,0.5,0.0,-0.5
1,2026,16,9,8,0.75,0.625,-0.125
1,2026,16,10,5,1.0,1.0,0.0
1,2026,16,11,9,0.8888888888888888,0.8888888888888888,0.0
1,2026,16,13,2,0.5,1.0,0.5
1,2026,16,14,1,1.0,1.0,0.0
1,2026,2,0,788,0.9086294416243654,0.9022842639593909,-0.006345177664974619
1,2026,2,1,15,0.0,0.6,0.6
1,2026,2,2,2,1.0,0.5,-0.5
1,2026,2,3,2,0.5,1.0,0.5
1,2026,2,4,5,0.0,0.6,0.6
1,2026,2,6,1,0.0,0.0,0.0
1,2026,2,7,5,0.0,0.2,0.2
1,2026,2,9,149,0.8859060402684564,0.9395973154362416,0.053691275167785234
1,2026,2,10,152,0.881578947368421,0.9473684210526315,0.06578947368421052
1,2026,2,11,97,0.8041237113402062,0.9896907216494846,0.18556701030927836
1,2026,2,12,3,0.6666666666666666,0.6666666666666666,0.0
1,2026,2,13,6,0.8333333333333334,0.8333333333333334,0.0
1,2026,2,14,3,0.0,1.0,1.0
1,2026,2,15,7,0.8571428571428571,0.8571428571428571,0.0
1,2026,3,0,1060,0.8632075471698113,0.8735849056603774,0.010377358490566037
1,2026,3,1,11,0.09090909090909091,0.9090909090909091,0.8181818181818182
1,2026,3,2,3,1.0,1.0,0.0
1,2026,3,3,9,0.4444444444444444,0.7777777777777778,0.3333333333333333
1,2026,3,4,11,0.6363636363636364,0.9090909090909091,0.2727272727272727
1,2026,3,5,3,1.0,1.0,0.0
1,2026,3,6,1,0.0,0.0,0.0
1,2026,3,7,4,0.0,0.25,0.25
1,2026,3,8,130,0.9384615384615385,0.8769230769230769,-0.06153846153846154
1,2026,3,10,175,0.9257142857142857,0.9542857142857143,0.02857142857142857
1,2026,3,11,109,0.8256880733944955,0.9908256880733946,0.1651376146788991
1,2026,3,12,4,0.5,0.5,0.0
1,2026,3,13,12,0.25,0.4166666666666667,0.16666666666666666
1,2026,3,14,8,0.875,0.875,0.0
1,2026,3,15,16,0.875,0.8125,-0.0625
1,2026,4,0,1066,0.5684803001876173,0.5590994371482176,-0.009380863039399626
1,2026,4,1,14,0.0,0.35714285714285715,0.35714285714285715
1,2026,4,2,3,0.3333333333333333,0.3333333333333333,0.0
1,2026,4,3,7,0.5714285714285714,0.8571428571428571,0.2857142857142857
1,2026,4,4,8,0.5,0.75,0.25
1,2026,4,5,2,1.0,0.5,-0.5
1,2026,4,6,2,0.0,0.0,0.0
1,2026,4,7,5,0.0,0.8,0.8
1,2026,4,8,131,0.37404580152671757,0.2366412213740458,-0.13740458015267176
1,2026,4,9,172,0.5988372093023255,0.26744186046511625,-0.3313953488372093
1,2026,4,11,119,0.7563025210084033,0.9831932773109243,0.226890756302521
1,2026,4,12,8,0.5,0.5,0.0
1,2026,4,13,13,0.0,0.07692307692307693,0.07692307692307693
1,2026,4,14,6,0.5,0.5,0.0
1,2026,4,15,19,0.631578947368421,0.42105263157894735,-0.21052631578947367
1,2026,5,0,648,0.8441358024691358,0.6882716049382716,-0.1558641975308642
1,2026,5,1,8,0.125,0.375,0.25
1,2026,5,2,2,1.0,1.0,0.0
1,2026,5,3,3,1.0,1.0,0.0
1,2026,5,4,5,1.0,0.6,-0.4
1,2026,5,5,1,1.0,1.0,0.0
1,2026,5,6,4,0.0,0.0,0.0
1,2026,5,7,5,0.0,0.0,0.0
1,2026,5,8,89,0.797752808988764,0.34831460674157305,-0.449438202247191
1,2026,5,9,119,0.6638655462184874,0.24369747899159663,-0.42016806722689076
1,2026,5,10,114,0.9298245614035088,0.9385964912280702,0.008771929824561403
1,2026,5,12,2,1.0,1.0,0.0
1,2026,5,13,12,0.16666666666666666,0.08333333333333333,-0.08333333333333333
1,2026,5,14,8,0.375,0.375,0.0
1,2026,5,15,14,0.9285714285714286,0.8571428571428571,-0.07142857142857142
1,2026,6,0,34,1.0,1.0,0.0
1,2026,6,6,2,0.0,0.5,0.5
1,2026,6,8,10,1.0,1.0,0.0
1,2026,6,9,7,0.5714285714285714,0.42857142857142855,-0.14285714285714285
1,2026,6,10,9,0.7777777777777778,0.7777777777777778,0.0
1,2026,6,11,1,1.0,1.0,0.0
1,2026,6,13,1,1.0,1.0,0.0
1,2026,6,15,1,1.0,1.0,0.0
1,2026,7,0,94,0.9468085106382979,0.9361702127659575,-0.010638297872340425
1,2026,7,1,1,0.0,1.0,1.0
1,2026,7,8,18,1.0,1.0,0.0
1,2026,7,9,11,1.0,1.0,0.0
1,2026,7,10,15,0.8666666666666667,0.9333333333333333,0.06666666666666667
1,2026,7,11,14,0.8571428571428571,1.0,0.14285714285714285
1,2026,7,14,1,0.0,1.0,1.0
1,2026,8,0,68,0.9558823529411765,0.9411764705882353,-0.014705882352941176
1,2026,8,2,1,0.0,0.0,0.0
1,2026,8,7,1,0.0,0.0,0.0
1,2026,8,8,6,1.0,1.0,0.0
1,2026,8,9,11,0.6363636363636364,0.9090909090909091,0.2727272727272727
1,2026,8,10,11,1.0,1.0,0.0
1,2026,8,11,6,0.3333333333333333,1.0,0.6666666666666666
1,2026,8,12,1,0.0,1.0,1.0
1,2026,9,0,105,0.9714285714285714,0.9523809523809523,-0.01904761904761905
1,2026,9,1,1,1.0,1.0,0.0
1,2026,9,2,1,0.0,1.0,1.0
1,2026,9,3,1,1.0,1.0,0.0
1,2026,9,8,14,0.9285714285714286,0.9285714285714286,0.0
1,2026,9,9,17,0.9411764705882353,0.9411764705882353,0.0
1,2026,9,10,19,0.8421052631578947,0.8947368421052632,0.05263157894736842
1,2026,9,11,10,0.9,1.0,0.1
1,2026,9,14,5,0.6,0.2,-0.4
1,17,1,1,43,0.06976744186046512,0.7209302325581395,0.6511627906976745
1,17,1,2,19,0.47368421052631576,0.47368421052631576,0.0
1,17,1,3,28,0.6785714285714286,0.7857142857142857,0.10714285714285714
1,17,1,4,19,0.8421052631578947,0.7894736842105263,-0.05263157894736842
1,17,1,5,7,0.8571428571428571,0.5714285714285714,-0.2857142857142857
1,17,1,6,10,0.6,0.4,-0.2
1,17,1,7,31,0.0,0.12903225806451613,0.12903225806451613
1,17,1,8,466,0.6266094420600858,0.7854077253218884,0.15879828326180256
1,17,1,9,606,0.4752475247524752,0.6237623762376238,0.1485148514851485
1,17,1,10,640,0.89375,0.8921875,-0.0015625
1,17,1,11,394,0.7817258883248731,0.9263959390862944,0.1446700507614213
1,17,1,12,21,0.47619047619047616,0.6190476190476191,0.14285714285714285
1,17,1,13,55,0.10909090909090909,0.32727272727272727,0.21818181818181817
1,17,1,14,34,0.47058823529411764,0.4411764705882353,-0.029411764705882353
1,17,1,15,50,0.9,0.92,0.02
1,17,10,0,73,0.8493150684931506,0.9041095890410958,0.0547945205479452
1,17,10,4,2,1.0,1.0,0.0
1,17,10,7,1,0.0,0.0,0.0
1,17,10,8,10,0.6,0.8,0.2
1,17,10,9,16,0.875,0.8125,-0.0625
1,17,10,10,17,0.9411764705882353,1.0,0.058823529411764705
1,17,10,11,7,0.7142857142857143,1.0,0.2857142857142857
1,17,10,13,2,0.0,0.5,0.5
1,17,10,15,2,1.0,1.0,0.0
1,17,11,0,30,0.9666666666666667,0.9666666666666667,0.0
1,17,11,3,1,0.0,1.0,1.0
1,17,11,4,1,1.0,1.0,0.0
1,17,11,8,2,0.0,0.5,0.5
1,17,11,9,3,0.3333333333333333,0.6666666666666666,0.3333333333333333
1,17,11,10,7,0.8571428571428571,1.0,0.14285714285714285
1,17,11,11,5,0.8,1.0,0.2
1,17,11,13,1,1.0,1.0,0.0
1,17,12,0,40,1.0,1.0,0.0
1,17,12,1,1,1.0,1.0,0.0
1,17,12,8,6,0.8333333333333334,0.8333333333333334,0.0
1,17,12,9,10,0.2,0.8,0.6
1,17,12,10,12,0.8333333333333334,0.8333333333333334,0.0
1,17,12,11,4,1.0,1.0,0.0
1,17,12,12,1,0.0,0.0,0.0
1,17,12,15,1,1.0,1.0,0.0
1,17,13,0,39,0.6410256410256411,0.6923076923076923,0.05128205128205128
1,17,13,1,2,0.0,0.0,0.0
1,17,13,7,2,0.0,0.0,0.0
1,17,13,8,2,0.0,1.0,1.0
1,17,13,9,10,0.0,0.6,0.6
1,17,13,10,10,1.0,1.0,0.0
1,17,13,11,11,1.0,1.0,0.0
1,17,14,0,9,0.7777777777777778,1.0,0.2222222222222222
1,17,14,9,2,1.0,1.0,0.0
1,17,14,10,3,0.6666666666666666,0.6666666666666666,0.0
1,17,14,11,3,0.6666666666666666,0.6666666666666666,0.0
1,17,15,0,18,0.8888888888888888,1.0,0.1111111111111111
1,17,15,8,4,0.75,1.0,0.25
1,17,15,9,1,1.0,1.0,0.0
1,17,15,10,3,1.0,1.0,0.0
1,17,15,11,2,0.5,1.0,0.5
1,17,15,13,1,1.0,1.0,0.0
1,17,16,0,45,0.8222222222222222,0.9777777777777777,0.15555555555555556
1,17,16,2,2,0.5,1.0,0.5
1,17,16,4,1,1.0,1.0,0.0
1,17,16,8,2,0.0,0.5,0.5
1,17,16,9,8,0.25,0.875,0.625
1,17,16,10,5,0.6,1.0,0.4
1,17,16,11,9,0.4444444444444444,0.7777777777777778,0.3333333333333333
1,17,16,13,2,0.0,1.0,1.0
1,17,16,14,1,1.0,1.0,0.0
1,17,2,0,788,0.9035532994923858,0.9454314720812182,0.04187817258883249
1,17,2,1,15,0.06666666666666667,0.5333333333333333,0.4666666666666667
1,17,2,2,2,0.5,0.5,0.0
1,17,2,3,2,0.5,0.5,0.0
1,17,2,4,5,0.8,0.6,-0.2
1,17,2,6,1,0.0,0.0,0.0
1,17,2,7,5,0.0,0.0,0.0
1,17,2,9,149,0.8993288590604027,0.912751677852349,0.013422818791946308
1,17,2,10,152,0.881578947368421,0.8552631578947368,-0.02631578947368421
1,17,2,11,97,0.6494845360824743,0.9278350515463918,0.27835051546391754
1,17,2,12,3,0.6666666666666666,0.6666666666666666,0.0
1,17,2,13,6,0.8333333333333334,0.8333333333333334,0.0
1,17,2,14,3,0.0,0.3333333333333333,0.3333333333333333
1,17,2,15,7,0.8571428571428571,1.0,0.14285714285714285
1,17,3,0,1060,0.8603773584905661,0.9037735849056604,0.04339622641509434
1,17,3,1,11,0.0,0.7272727272727273,0.7272727272727273
1,17,3,2,3,1.0,0.6666666666666666,-0.3333333333333333
1,17,3,3,9,0.3333333333333333,0.5555555555555556,0.2222222222222222
1,17,3,4,11,0.8181818181818182,0.8181818181818182,0.0
1,17,3,5,3,0.6666666666666666,0.6666666666666666,0.0
1,17,3,6,1,0.0,1.0,1.0
1,17,3,7,4,0.0,0.0,0.0
1,17,3,8,130,0.9307692307692308,0.9384615384615385,0.007692307692307693
1,17,3,10,175,0.88,0.8857142857142857,0.005714285714285714
1,17,3,11,109,0.7155963302752294,0.9357798165137615,0.22018348623853212
1,17,3,12,4,0.5,0.75,0.25
1,17,3,13,12,0.16666666666666666,0.3333333333333333,0.16666666666666666
1,17,3,14,8,0.875,0.75,-0.125
1,17,3,15,16,0.875,0.875,0.0
1,17,4,0,1066,0.6369606003752345,0.6801125703564728,0.043151969981238276
1,17,4,1,14,0.0,0.07142857142857142,0.07142857142857142
1,17,4,2,3,0.3333333333333333,0.3333333333333333,0.0
1,17,4,3,7,0.5714285714285714,0.8571428571428571,0.2857142857142857
1,17,4,4,8,0.875,0.75,-0.125
1,17,4,5,2,0.5,0.0,-0.5
1,17,4,6,2,0.0,0.0,0.0
1,17,4,7,5,0.4,0.4,0.0
1,17,4,8,131,0.12213740458015267,0.3435114503816794,0.22137404580152673
1,17,4,9,172,0.36627906976744184,0.436046511627907,0.06976744186046512
1,17,4,11,119,0.8403361344537815,0.8991596638655462,0.058823529411764705
1,17,4,12,8,0.75,0.5,-0.25
1,17,4,13,13,0.0,0.07692307692307693,0.07692307692307693
1,17,4,14,6,0.5,0.3333333333333333,-0.16666666666666666
1,17,4,15,19,0.7894736842105263,0.7894736842105263,0.0
1,17,5,0,648,0.8101851851851852,0.691358024691358,-0.11882716049382716
1,17,5,1,8,0.0,0.125,0.125
1,17,5,2,2,0.5,0.0,-0.5
1,17,5,3,3,0.3333333333333333,0.6666666666666666,0.3333333333333333
1,17,5,4,5,0.8,0.8,0.0
1,17,5,5,1,1.0,0.0,-1.0
1,17,5,6,4,0.75,0.25,-0.5
1,17,5,7,5,0.0,0.0,0.0
1,17,5,8,89,0.3707865168539326,0.6067415730337079,0.23595505617977527
1,17,5,9,119,0.2857142857142857,0.3949579831932773,0.1092436974789916
1,17,5,10,114,0.8508771929824561,0.9122807017543859,0.06140350877192982
1,17,5,12,2,1.0,1.0,0.0
1,17,5,13,12,0.0,0.08333333333333333,0.08333333333333333
1,17,5,14,8,0.0,0.125,0.125
1,17,5,15,14,0.9285714285714286,0.8571428571428571,-0.07142857142857142
1,17,6,0,34,1.0,1.0,0.0
1,17,6,6,2,1.0,0.5,-0.5
1,17,6,8,10,1.0,1.0,0.0
1,17,6,9,7,0.42857142857142855,0.5714285714285714,0.14285714285714285
1,17,6,10,9,0.7777777777777778,0.6666666666666666,-0.1111111111111111
1,17,6,11,1,1.0,1.0,0.0
1,17,6,13,1,1.0,1.0,0.0
1,17,6,15,1,1.0,1.0,0.0
1,17,7,0,94,0.9574468085106383,0.9893617021276596,0.031914893617021274
1,17,7,1,1,0.0,0.0,0.0
1,17,7,8,18,0.9444444444444444,1.0,0.05555555555555555
1,17,7,9,11,0.9090909090909091,1.0,0.09090909090909091
1,17,7,10,15,0.8666666666666667,1.0,0.13333333333333333
1,17,7,11,14,0.7857142857142857,1.0,0.21428571428571427
1,17,7,14,1,1.0,1.0,0.0
1,17,8,0,68,0.9117647058823529,0.9558823529411765,0.04411764705882353
1,17,8,2,1,0.0,0.0,0.0
1,17,8,7,1,0.0,0.0,0.0
1,17,8,8,6,1.0,1.0,0.0
1,17,8,9,11,0.5454545454545454,0.9090909090909091,0.36363636363636365
1,17,8,10,11,1.0,1.0,0.0
1,17,8,11,6,0.3333333333333333,0.8333333333333334,0.5
1,17,8,12,1,1.0,1.0,0.0
1,17,9,0,105,0.9523809523809523,0.9809523809523809,0.02857142857142857
1,17,9,1,1,1.0,1.0,0.0
1,17,9,2,1,1.0,1.0,0.0
1,17,9,3,1,0.0,1.0,1.0
1,17,9,8,14,0.9285714285714286,0.9285714285714286,0.0
1,17,9,9,17,0.8823529411764706,0.9411764705882353,0.058823529411764705
1,17,9,10,19,0.8421052631578947,0.7894736842105263,-0.05263157894736842
1,17,9,11,10,0.8,1.0,0.2
1,17,9,14,5,0.4,0.4,0.0
2,3407,1,1,68,0.014705882352941176,0.5294117647058824,0.5147058823529411
2,3407,1,2,14,0.8571428571428571,0.8571428571428571,0.0
2,3407,1,3,20,0.6,0.8,0.2
2,3407,1,4,39,0.8717948717948718,0.9230769230769231,0.05128205128205128
2,3407,1,5,18,0.3888888888888889,0.5,0.1111111111111111
2,3407,1,6,6,0.3333333333333333,0.5,0.16666666666666666
2,3407,1,7,56,0.017857142857142856,0.19642857142857142,0.17857142857142858
2,3407,1,8,396,0.8409090909090909,0.8535353535353535,0.012626262626262626
2,3407,1,9,644,0.5170807453416149,0.75,0.2329192546583851
2,3407,1,10,791,0.8798988621997471,0.9039190897597977,0.02402022756005057
2,3407,1,11,443,0.8984198645598194,0.9841986455981941,0.08577878103837472
2,3407,1,12,33,0.7878787878787878,0.9696969696969697,0.18181818181818182
2,3407,1,13,40,0.15,0.475,0.325
2,3407,1,14,29,0.2413793103448276,0.41379310344827586,0.1724137931034483
2,3407,1,15,33,0.7272727272727273,0.8484848484848485,0.12121212121212122
2,3407,10,0,100,0.89,0.93,0.04
2,3407,10,2,1,1.0,1.0,0.0
2,3407,10,3,1,1.0,0.0,-1.0
2,3407,10,4,1,1.0,1.0,0.0
2,3407,10,5,1,1.0,1.0,0.0
2,3407,10,8,21,0.7142857142857143,0.6190476190476191,-0.09523809523809523
2,3407,10,9,17,0.7647058823529411,0.9411764705882353,0.17647058823529413
2,3407,10,10,25,1.0,1.0,0.0
2,3407,10,11,10,1.0,1.0,0.0
2,3407,10,12,1,1.0,0.0,-1.0
2,3407,10,13,5,0.2,0.0,-0.2
2,3407,11,0,24,0.875,0.9166666666666666,0.041666666666666664
2,3407,11,3,1,1.0,1.0,0.0
2,3407,11,7,1,0.0,0.0,0.0
2,3407,11,8,3,1.0,1.0,0.0
2,3407,11,9,7,0.7142857142857143,1.0,0.2857142857142857
2,3407,11,10,7,0.7142857142857143,0.8571428571428571,0.14285714285714285
2,3407,11,11,2,1.0,1.0,0.0
2,3407,12,0,56,0.9464285714285714,1.0,0.05357142857142857
2,3407,12,1,2,0.0,1.0,1.0
2,3407,12,7,1,0.0,0.0,0.0
2,3407,12,8,8,0.875,0.875,0.0
2,3407,12,9,8,0.25,0.625,0.375
2,3407,12,10,14,1.0,1.0,0.0
2,3407,12,11,8,1.0,1.0,0.0
2,3407,12,12,1,1.0,1.0,0.0
2,3407,13,0,74,0.5540540540540541,0.5675675675675675,0.013513513513513514
2,3407,13,2,1,1.0,0.0,-1.0
2,3407,13,3,2,0.5,0.5,0.0
2,3407,13,8,13,0.8461538461538461,0.6923076923076923,-0.15384615384615385
2,3407,13,9,8,0.5,0.625,0.125
2,3407,13,10,19,1.0,0.8421052631578947,-0.15789473684210525
2,3407,13,11,7,0.8571428571428571,0.8571428571428571,0.0
2,3407,13,12,2,1.0,1.0,0.0
2,3407,13,13,2,0.0,0.5,0.5
2,3407,13,15,1,1.0,1.0,0.0
2,3407,14,0,18,1.0,1.0,0.0
2,3407,14,3,1,1.0,0.0,-1.0
2,3407,14,7,1,0.0,0.0,0.0
2,3407,14,8,2,1.0,1.0,0.0
2,3407,14,9,10,1.0,1.0,0.0
2,3407,14,10,5,0.8,0.8,0.0
2,3407,14,11,5,1.0,1.0,0.0
2,3407,14,14,1,1.0,1.0,0.0
2,3407,15,0,7,1.0,1.0,0.0
2,3407,15,4,1,1.0,1.0,0.0
2,3407,15,9,1,1.0,1.0,0.0
2,3407,15,10,2,1.0,1.0,0.0
2,3407,15,11,4,1.0,1.0,0.0
2,3407,16,0,84,0.8452380952380952,0.9523809523809523,0.10714285714285714
2,3407,16,1,2,0.0,1.0,1.0
2,3407,16,4,1,1.0,1.0,0.0
2,3407,16,8,16,0.8125,0.875,0.0625
2,3407,16,9,23,0.43478260869565216,0.782608695652174,0.34782608695652173
2,3407,16,10,18,0.8888888888888888,0.8888888888888888,0.0
2,3407,16,11,10,0.9,1.0,0.1
2,3407,16,12,1,1.0,1.0,0.0
2,3407,16,13,1,0.0,0.0,0.0
2,3407,16,14,1,1.0,1.0,0.0
2,3407,16,15,2,0.0,1.0,1.0
2,3407,2,0,662,0.8096676737160121,0.8670694864048338,0.05740181268882175
2,3407,2,1,12,0.0,0.5,0.5
2,3407,2,2,1,1.0,1.0,0.0
2,3407,2,3,9,0.4444444444444444,0.4444444444444444,0.0
2,3407,2,4,2,0.5,0.5,0.0
2,3407,2,5,4,0.25,0.5,0.25
2,3407,2,7,14,0.0,0.21428571428571427,0.21428571428571427
2,3407,2,9,130,0.8846153846153846,0.9538461538461539,0.06923076923076923
2,3407,2,10,181,0.5193370165745856,0.6850828729281768,0.16574585635359115
2,3407,2,11,96,0.9166666666666666,0.9791666666666666,0.0625
2,3407,2,12,9,0.5555555555555556,0.6666666666666666,0.1111111111111111
2,3407,2,13,9,0.6666666666666666,0.7777777777777778,0.1111111111111111
2,3407,2,14,5,0.8,1.0,0.2
2,3407,2,15,4,1.0,1.0,0.0
2,3407,3,0,987,0.7548125633232016,0.7649442755825735,0.010131712259371834
2,3407,3,1,14,0.07142857142857142,0.7142857142857143,0.6428571428571429
2,3407,3,2,4,0.75,0.75,0.0
2,3407,3,3,10,0.7,0.8,0.1
2,3407,3,4,14,0.7857142857142857,1.0,0.21428571428571427
2,3407,3,5,2,0.0,0.5,0.5
2,3407,3,6,1,1.0,0.0,-1.0
2,3407,3,7,10,0.0,0.0,0.0
2,3407,3,8,130,0.9538461538461539,0.9769230769230769,0.023076923076923078
2,3407,3,10,213,0.7230046948356808,0.8169014084507042,0.09389671361502347
2,3407,3,11,139,0.841726618705036,0.9856115107913669,0.14388489208633093
2,3407,3,12,13,0.6153846153846154,0.8461538461538461,0.23076923076923078
2,3407,3,13,15,0.2,0.4,0.2
2,3407,3,14,10,0.3,0.5,0.2
2,3407,3,15,8,0.875,1.0,0.125
2,3407,4,0,1109,0.478809738503156,0.6266907123534716,0.1478809738503156
2,3407,4,1,14,0.0,0.2857142857142857,0.2857142857142857
2,3407,4,2,4,0.25,0.25,0.0
2,3407,4,3,16,0.375,0.3125,-0.0625
2,3407,4,4,12,0.6666666666666666,0.9166666666666666,0.25
2,3407,4,5,10,0.0,0.1,0.1
2,3407,4,6,2,0.0,0.0,0.0
2,3407,4,7,14,0.0,0.14285714285714285,0.14285714285714285
2,3407,4,8,144,0.4513888888888889,0.3125,-0.1388888888888889
2,3407,4,9,230,0.4217391304347826,0.6217391304347826,0.2
2,3407,4,11,155,0.9096774193548387,0.967741935483871,0.05806451612903226
2,3407,4,12,15,0.7333333333333333,0.8,0.06666666666666667
2,3407,4,13,19,0.15789473684210525,0.2631578947368421,0.10526315789473684
2,3407,4,14,16,0.0625,0.25,0.1875
2,3407,4,15,10,0.4,0.6,0.2
2,3407,5,0,656,0.711890243902439,0.7088414634146342,-0.003048780487804878
2,3407,5,1,12,0.08333333333333333,0.4166666666666667,0.3333333333333333
2,3407,5,2,3,1.0,1.0,0.0
2,3407,5,3,5,1.0,0.8,-0.2
2,3407,5,4,12,0.6666666666666666,0.75,0.08333333333333333
2,3407,5,5,5,0.0,0.2,0.2
2,3407,5,6,3,0.3333333333333333,0.0,-0.3333333333333333
2,3407,5,7,16,0.0,0.0,0.0
2,3407,5,8,120,0.55,0.5416666666666666,-0.008333333333333333
2,3407,5,9,136,0.39705882352941174,0.5882352941176471,0.19117647058823528
2,3407,5,10,151,0.9006622516556292,0.8741721854304636,-0.026490066225165563
2,3407,5,12,6,0.6666666666666666,0.3333333333333333,-0.3333333333333333
2,3407,5,13,10,0.0,0.0,0.0
2,3407,5,14,3,0.0,0.0,0.0
2,3407,5,15,2,0.5,0.5,0.0
2,3407,6,0,71,0.9154929577464789,0.9295774647887324,0.014084507042253521
2,3407,6,1,1,0.0,1.0,1.0
2,3407,6,3,3,1.0,1.0,0.0
2,3407,6,4,1,1.0,1.0,0.0
2,3407,6,7,2,0.5,0.0,-0.5
2,3407,6,8,10,0.9,1.0,0.1
2,3407,6,9,12,0.5833333333333334,0.8333333333333334,0.25
2,3407,6,10,16,1.0,0.9375,-0.0625
2,3407,6,11,12,0.9166666666666666,1.0,0.08333333333333333
2,3407,6,14,1,1.0,1.0,0.0
2,3407,6,15,2,1.0,1.0,0.0
2,3407,7,0,92,0.7608695652173914,0.7934782608695652,0.03260869565217391
2,3407,7,1,1,0.0,1.0,1.0
2,3407,7,3,2,0.0,0.0,0.0
2,3407,7,7,3,0.0,0.3333333333333333,0.3333333333333333
2,3407,7,8,4,1.0,1.0,0.0
2,3407,7,9,13,1.0,1.0,0.0
2,3407,7,10,14,0.35714285714285715,0.9285714285714286,0.5714285714285714
2,3407,7,11,8,0.5,0.875,0.375
2,3407,7,12,2,1.0,1.0,0.0
2,3407,7,14,1,1.0,1.0,0.0
2,3407,7,15,2,1.0,1.0,0.0
2,3407,8,0,53,0.9056603773584906,0.8679245283018868,-0.03773584905660377
2,3407,8,3,2,0.5,1.0,0.5
2,3407,8,7,1,0.0,0.0,0.0
2,3407,8,8,6,0.8333333333333334,1.0,0.16666666666666666
2,3407,8,9,13,0.9230769230769231,0.8461538461538461,-0.07692307692307693
2,3407,8,10,9,0.7777777777777778,0.8888888888888888,0.1111111111111111
2,3407,8,11,8,0.75,1.0,0.25
2,3407,8,13,1,0.0,0.0,0.0
2,3407,8,15,1,1.0,1.0,0.0
2,3407,9,0,52,0.8653846153846154,0.9423076923076923,0.07692307692307693
2,3407,9,1,2,0.0,1.0,1.0
2,3407,9,3,1,0.0,0.0,0.0
2,3407,9,4,1,1.0,1.0,0.0
2,3407,9,7,1,0.0,0.0,0.0
2,3407,9,8,9,0.8888888888888888,1.0,0.1111111111111111
2,3407,9,9,8,1.0,1.0,0.0
2,3407,9,10,7,0.8571428571428571,1.0,0.14285714285714285
2,3407,9,11,7,1.0,1.0,0.0
2,3407,9,12,1,1.0,1.0,0.0
2,3407,9,14,1,0.0,0.0,0.0
2,2026,1,1,68,0.014705882352941176,0.14705882352941177,0.1323529411764706
2,2026,1,2,14,0.6428571428571429,0.6428571428571429,0.0
2,2026,1,3,20,0.65,0.6,-0.05
2,2026,1,4,39,0.8461538461538461,0.8205128205128205,-0.02564102564102564
2,2026,1,5,18,0.4444444444444444,0.2222222222222222,-0.2222222222222222
2,2026,1,6,6,0.3333333333333333,0.8333333333333334,0.5
2,2026,1,7,56,0.0,0.07142857142857142,0.07142857142857142
2,2026,1,8,396,0.7752525252525253,0.7904040404040404,0.015151515151515152
2,2026,1,9,644,0.6940993788819876,0.5869565217391305,-0.10714285714285714
2,2026,1,10,791,0.9140328697850821,0.900126422250316,-0.01390644753476612
2,2026,1,11,443,0.8577878103837472,0.9164785553047404,0.05869074492099323
2,2026,1,12,33,0.9090909090909091,1.0,0.09090909090909091
2,2026,1,13,40,0.325,0.075,-0.25
2,2026,1,14,29,0.1724137931034483,0.2413793103448276,0.06896551724137931
2,2026,1,15,33,0.9090909090909091,0.8484848484848485,-0.06060606060606061
2,2026,10,0,100,0.77,0.86,0.09
2,2026,10,2,1,1.0,1.0,0.0
2,2026,10,3,1,1.0,0.0,-1.0
2,2026,10,4,1,1.0,1.0,0.0
2,2026,10,5,1,1.0,0.0,-1.0
2,2026,10,8,21,0.42857142857142855,0.7142857142857143,0.2857142857142857
2,2026,10,9,17,0.9411764705882353,0.7647058823529411,-0.17647058823529413
2,2026,10,10,25,1.0,1.0,0.0
2,2026,10,11,10,1.0,1.0,0.0
2,2026,10,12,1,0.0,1.0,1.0
2,2026,10,13,5,0.2,0.2,0.0
2,2026,11,0,24,0.875,0.9583333333333334,0.08333333333333333
2,2026,11,3,1,1.0,1.0,0.0
2,2026,11,7,1,0.0,0.0,0.0
2,2026,11,8,3,1.0,1.0,0.0
2,2026,11,9,7,0.8571428571428571,1.0,0.14285714285714285
2,2026,11,10,7,0.8571428571428571,0.8571428571428571,0.0
2,2026,11,11,2,1.0,1.0,0.0
2,2026,12,0,56,0.8214285714285714,1.0,0.17857142857142858
2,2026,12,1,2,0.5,1.0,0.5
2,2026,12,7,1,0.0,0.0,0.0
2,2026,12,8,8,0.25,0.875,0.625
2,2026,12,9,8,0.375,0.125,-0.25
2,2026,12,10,14,1.0,1.0,0.0
2,2026,12,11,8,0.875,1.0,0.125
2,2026,12,12,1,1.0,1.0,0.0
2,2026,13,0,74,0.7702702702702703,0.4864864864864865,-0.28378378378378377
2,2026,13,2,1,0.0,0.0,0.0
2,2026,13,3,2,0.5,0.5,0.0
2,2026,13,8,13,0.5384615384615384,0.7692307692307693,0.23076923076923078
2,2026,13,9,8,0.75,0.625,-0.125
2,2026,13,10,19,1.0,1.0,0.0
2,2026,13,11,7,1.0,0.8571428571428571,-0.14285714285714285
2,2026,13,12,2,1.0,1.0,0.0
2,2026,13,13,2,0.0,0.0,0.0
2,2026,13,15,1,1.0,1.0,0.0
2,2026,14,0,18,1.0,1.0,0.0
2,2026,14,3,1,1.0,1.0,0.0
2,2026,14,7,1,0.0,0.0,0.0
2,2026,14,8,2,1.0,1.0,0.0
2,2026,14,9,10,1.0,0.9,-0.1
2,2026,14,10,5,1.0,0.8,-0.2
2,2026,14,11,5,1.0,1.0,0.0
2,2026,14,14,1,1.0,1.0,0.0
2,2026,15,0,7,1.0,1.0,0.0
2,2026,15,4,1,1.0,1.0,0.0
2,2026,15,9,1,1.0,1.0,0.0
2,2026,15,10,2,1.0,1.0,0.0
2,2026,15,11,4,1.0,1.0,0.0
2,2026,16,0,84,0.8690476190476191,0.9285714285714286,0.05952380952380952
2,2026,16,1,2,0.5,1.0,0.5
2,2026,16,4,1,1.0,1.0,0.0
2,2026,16,8,16,0.6875,0.9375,0.25
2,2026,16,9,23,0.782608695652174,0.782608695652174,0.0
2,2026,16,10,18,0.9444444444444444,0.9444444444444444,0.0
2,2026,16,11,10,0.9,0.9,0.0
2,2026,16,12,1,1.0,1.0,0.0
2,2026,16,13,1,0.0,0.0,0.0
2,2026,16,14,1,0.0,1.0,1.0
2,2026,16,15,2,1.0,1.0,0.0
2,2026,2,0,662,0.8081570996978852,0.9229607250755287,0.1148036253776435
2,2026,2,1,12,0.0,0.25,0.25
2,2026,2,2,1,0.0,1.0,1.0
2,2026,2,3,9,0.5555555555555556,0.6666666666666666,0.1111111111111111
2,2026,2,4,2,0.5,0.5,0.0
2,2026,2,5,4,0.5,0.5,0.0
2,2026,2,7,14,0.0,0.07142857142857142,0.07142857142857142
2,2026,2,9,130,0.9384615384615385,0.9076923076923077,-0.03076923076923077
2,2026,2,10,181,0.9060773480662984,0.7845303867403315,-0.12154696132596685
2,2026,2,11,96,0.9270833333333334,0.9166666666666666,-0.010416666666666666
2,2026,2,12,9,0.7777777777777778,0.8888888888888888,0.1111111111111111
2,2026,2,13,9,0.7777777777777778,0.4444444444444444,-0.3333333333333333
2,2026,2,14,5,0.4,0.8,0.4
2,2026,2,15,4,1.0,1.0,0.0
2,2026,3,0,987,0.6990881458966566,0.8814589665653495,0.182370820668693
2,2026,3,1,14,0.07142857142857142,0.42857142857142855,0.35714285714285715
2,2026,3,2,4,0.5,0.75,0.25
2,2026,3,3,10,0.9,0.5,-0.4
2,2026,3,4,14,0.7142857142857143,0.9285714285714286,0.21428571428571427
2,2026,3,5,2,0.5,0.0,-0.5
2,2026,3,6,1,1.0,1.0,0.0
2,2026,3,7,10,0.0,0.0,0.0
2,2026,3,8,130,0.9538461538461539,0.9769230769230769,0.023076923076923078
2,2026,3,10,213,0.8967136150234741,0.8591549295774648,-0.03755868544600939
2,2026,3,11,139,0.8776978417266187,0.8848920863309353,0.007194244604316547
2,2026,3,12,13,0.7692307692307693,0.9230769230769231,0.15384615384615385
2,2026,3,13,15,0.5333333333333333,0.06666666666666667,-0.4666666666666667
2,2026,3,14,10,0.2,0.4,0.2
2,2026,3,15,8,0.875,1.0,0.125
2,2026,4,0,1109,0.4526600541027953,0.6248872858431019,0.17222723174030657
2,2026,4,1,14,0.0,0.0,0.0
2,2026,4,2,4,0.25,0.25,0.0
2,2026,4,3,16,0.4375,0.3125,-0.125
2,2026,4,4,12,0.4166666666666667,0.4166666666666667,0.0
2,2026,4,5,10,0.1,0.0,-0.1
2,2026,4,6,2,0.0,0.0,0.0
2,2026,4,7,14,0.0,0.07142857142857142,0.07142857142857142
2,2026,4,8,144,0.18055555555555555,0.3541666666666667,0.1736111111111111
2,2026,4,9,230,0.34782608695652173,0.34782608695652173,0.0
2,2026,4,11,155,0.9354838709677419,0.8516129032258064,-0.08387096774193549
2,2026,4,12,15,0.6666666666666666,0.7333333333333333,0.06666666666666667
2,2026,4,13,19,0.3157894736842105,0.0,-0.3157894736842105
2,2026,4,14,16,0.0,0.0625,0.0625
2,2026,4,15,10,0.9,0.6,-0.3
2,2026,5,0,656,0.6387195121951219,0.7820121951219512,0.14329268292682926
2,2026,5,1,12,0.0,0.3333333333333333,0.3333333333333333
2,2026,5,2,3,1.0,1.0,0.0
2,2026,5,3,5,1.0,0.8,-0.2
2,2026,5,4,12,0.6666666666666666,0.6666666666666666,0.0
2,2026,5,5,5,0.0,0.0,0.0
2,2026,5,6,3,0.0,0.3333333333333333,0.3333333333333333
2,2026,5,7,16,0.0,0.0,0.0
2,2026,5,8,120,0.3333333333333333,0.6666666666666666,0.3333333333333333
2,2026,5,9,136,0.5588235294117647,0.47794117647058826,-0.08088235294117647
2,2026,5,10,151,0.9006622516556292,0.9602649006622517,0.059602649006622516
2,2026,5,12,6,0.5,0.8333333333333334,0.3333333333333333
2,2026,5,13,10,0.0,0.0,0.0
2,2026,5,14,3,0.0,0.0,0.0
2,2026,5,15,2,0.0,1.0,1.0
2,2026,6,0,71,0.9014084507042254,0.9436619718309859,0.04225352112676056
2,2026,6,1,1,1.0,1.0,0.0
2,2026,6,3,3,1.0,1.0,0.0
2,2026,6,4,1,1.0,1.0,0.0
2,2026,6,7,2,0.5,0.5,0.0
2,2026,6,8,10,0.9,1.0,0.1
2,2026,6,9,12,0.8333333333333334,0.6666666666666666,-0.16666666666666666
2,2026,6,10,16,0.875,0.875,0.0
2,2026,6,11,12,1.0,1.0,0.0
2,2026,6,14,1,1.0,1.0,0.0
2,2026,6,15,2,1.0,1.0,0.0
2,2026,7,0,92,0.8152173913043478,0.9130434782608695,0.09782608695652174
2,2026,7,1,1,0.0,0.0,0.0
2,2026,7,3,2,0.5,0.5,0.0
2,2026,7,7,3,0.0,0.3333333333333333,0.3333333333333333
2,2026,7,8,4,1.0,1.0,0.0
2,2026,7,9,13,1.0,1.0,0.0
2,2026,7,10,14,0.7857142857142857,0.9285714285714286,0.14285714285714285
2,2026,7,11,8,0.75,1.0,0.25
2,2026,7,12,2,1.0,1.0,0.0
2,2026,7,14,1,1.0,1.0,0.0
2,2026,7,15,2,1.0,1.0,0.0
2,2026,8,0,53,0.8867924528301887,0.9245283018867925,0.03773584905660377
2,2026,8,3,2,0.5,1.0,0.5
2,2026,8,7,1,1.0,0.0,-1.0
2,2026,8,8,6,0.8333333333333334,1.0,0.16666666666666666
2,2026,8,9,13,0.9230769230769231,0.8461538461538461,-0.07692307692307693
2,2026,8,10,9,0.8888888888888888,0.8888888888888888,0.0
2,2026,8,11,8,0.875,0.875,0.0
2,2026,8,13,1,0.0,0.0,0.0
2,2026,8,15,1,1.0,1.0,0.0
2,2026,9,0,52,0.9038461538461539,0.9807692307692307,0.07692307692307693
2,2026,9,1,2,0.0,0.0,0.0
2,2026,9,3,1,0.0,0.0,0.0
2,2026,9,4,1,1.0,1.0,0.0
2,2026,9,7,1,0.0,0.0,0.0
2,2026,9,8,9,1.0,1.0,0.0
2,2026,9,9,8,0.875,0.875,0.0
2,2026,9,10,7,0.8571428571428571,0.8571428571428571,0.0
2,2026,9,11,7,1.0,1.0,0.0
2,2026,9,12,1,1.0,1.0,0.0
2,2026,9,14,1,0.0,0.0,0.0
2,17,1,1,68,0.029411764705882353,0.14705882352941177,0.11764705882352941
2,17,1,2,14,0.7857142857142857,0.8571428571428571,0.07142857142857142
2,17,1,3,20,0.55,0.75,0.2
2,17,1,4,39,0.717948717948718,0.8461538461538461,0.1282051282051282
2,17,1,5,18,0.3888888888888889,0.2777777777777778,-0.1111111111111111
2,17,1,6,6,0.3333333333333333,0.8333333333333334,0.5
2,17,1,7,56,0.017857142857142856,0.17857142857142858,0.16071428571428573
2,17,1,8,396,0.8232323232323232,0.7626262626262627,-0.06060606060606061
2,17,1,9,644,0.562111801242236,0.5962732919254659,0.034161490683229816
2,17,1,10,791,0.8836915297092288,0.8647281921618205,-0.018963337547408345
2,17,1,11,443,0.9841986455981941,0.9435665914221218,-0.040632054176072234
2,17,1,12,33,0.9090909090909091,0.9090909090909091,0.0
2,17,1,13,40,0.2,0.35,0.15
2,17,1,14,29,0.20689655172413793,0.1724137931034483,-0.034482758620689655
2,17,1,15,33,0.8787878787878788,0.7878787878787878,-0.09090909090909091
2,17,10,0,100,0.72,0.77,0.05
2,17,10,2,1,1.0,0.0,-1.0
2,17,10,3,1,0.0,0.0,0.0
2,17,10,4,1,1.0,1.0,0.0
2,17,10,5,1,0.0,1.0,1.0
2,17,10,8,21,0.7619047619047619,0.8571428571428571,0.09523809523809523
2,17,10,9,17,0.8235294117647058,0.9411764705882353,0.11764705882352941
2,17,10,10,25,1.0,0.96,-0.04
2,17,10,11,10,1.0,1.0,0.0
2,17,10,12,1,0.0,0.0,0.0
2,17,10,13,5,0.4,0.4,0.0
2,17,11,0,24,0.875,0.9583333333333334,0.08333333333333333
2,17,11,3,1,0.0,0.0,0.0
2,17,11,7,1,0.0,0.0,0.0
2,17,11,8,3,1.0,1.0,0.0
2,17,11,9,7,0.7142857142857143,0.8571428571428571,0.14285714285714285
2,17,11,10,7,0.8571428571428571,0.7142857142857143,-0.14285714285714285
2,17,11,11,2,1.0,1.0,0.0
2,17,12,0,56,0.9464285714285714,0.9285714285714286,-0.017857142857142856
2,17,12,1,2,0.5,1.0,0.5
2,17,12,7,1,0.0,0.0,0.0
2,17,12,8,8,0.75,0.625,-0.125
2,17,12,9,8,0.5,0.125,-0.375
2,17,12,10,14,1.0,1.0,0.0
2,17,12,11,8,1.0,1.0,0.0
2,17,12,12,1,1.0,1.0,0.0
2,17,13,0,74,0.6081081081081081,0.5135135135135135,-0.0945945945945946
2,17,13,2,1,0.0,0.0,0.0
2,17,13,3,2,0.5,1.0,0.5
2,17,13,8,13,0.9230769230769231,0.6153846153846154,-0.3076923076923077
2,17,13,9,8,0.875,0.625,-0.25
2,17,13,10,19,1.0,0.9473684210526315,-0.05263157894736842
2,17,13,11,7,1.0,0.8571428571428571,-0.14285714285714285
2,17,13,12,2,1.0,1.0,0.0
2,17,13,13,2,0.0,0.5,0.5
2,17,13,15,1,1.0,1.0,0.0
2,17,14,0,18,0.9444444444444444,1.0,0.05555555555555555
2,17,14,3,1,1.0,1.0,0.0
2,17,14,7,1,0.0,0.0,0.0
2,17,14,8,2,1.0,1.0,0.0
2,17,14,9,10,0.9,0.9,0.0
2,17,14,10,5,0.8,0.8,0.0
2,17,14,11,5,1.0,1.0,0.0
2,17,14,14,1,1.0,1.0,0.0
2,17,15,0,7,0.8571428571428571,1.0,0.14285714285714285
2,17,15,4,1,1.0,1.0,0.0
2,17,15,9,1,1.0,1.0,0.0
2,17,15,10,2,1.0,1.0,0.0
2,17,15,11,4,1.0,1.0,0.0
2,17,16,0,84,0.9404761904761905,0.9523809523809523,0.011904761904761904
2,17,16,1,2,1.0,1.0,0.0
2,17,16,4,1,1.0,1.0,0.0
2,17,16,8,16,0.875,0.6875,-0.1875
2,17,16,9,23,0.7391304347826086,0.782608695652174,0.043478260869565216
2,17,16,10,18,0.8888888888888888,0.9444444444444444,0.05555555555555555
2,17,16,11,10,1.0,0.9,-0.1
2,17,16,12,1,1.0,1.0,0.0
2,17,16,13,1,0.0,0.0,0.0
2,17,16,14,1,1.0,1.0,0.0
2,17,16,15,2,1.0,1.0,0.0
2,17,2,0,662,0.8564954682779456,0.8821752265861027,0.0256797583081571
2,17,2,1,12,0.16666666666666666,0.4166666666666667,0.25
2,17,2,2,1,1.0,0.0,-1.0
2,17,2,3,9,0.4444444444444444,0.6666666666666666,0.2222222222222222
2,17,2,4,2,0.0,0.5,0.5
2,17,2,5,4,0.5,0.25,-0.25
2,17,2,7,14,0.07142857142857142,0.35714285714285715,0.2857142857142857
2,17,2,9,130,0.9076923076923077,0.9076923076923077,0.0
2,17,2,10,181,0.7348066298342542,0.7955801104972375,0.06077348066298342
2,17,2,11,96,0.9375,0.96875,0.03125
2,17,2,12,9,0.6666666666666666,1.0,0.3333333333333333
2,17,2,13,9,0.6666666666666666,0.8888888888888888,0.2222222222222222
2,17,2,14,5,1.0,0.8,-0.2
2,17,2,15,4,1.0,1.0,0.0
2,17,3,0,987,0.7700101317122594,0.8774062816616008,0.10739614994934144
2,17,3,1,14,0.14285714285714285,0.35714285714285715,0.21428571428571427
2,17,3,2,4,0.75,0.75,0.0
2,17,3,3,10,0.5,0.8,0.3
2,17,3,4,14,0.21428571428571427,0.8571428571428571,0.6428571428571429
2,17,3,5,2,0.0,0.0,0.0
2,17,3,6,1,0.0,1.0,1.0
2,17,3,7,10,0.0,0.1,0.1
2,17,3,8,130,0.9461538461538461,0.9384615384615385,-0.007692307692307693
2,17,3,10,213,0.7605633802816901,0.7934272300469484,0.03286384976525822
2,17,3,11,139,0.920863309352518,0.920863309352518,0.0
2,17,3,12,13,0.6153846153846154,0.9230769230769231,0.3076923076923077
2,17,3,13,15,0.13333333333333333,0.4,0.26666666666666666
2,17,3,14,10,0.3,0.6,0.3
2,17,3,15,8,1.0,1.0,0.0
2,17,4,0,1109,0.44274120829576197,0.5626690712353472,0.11992786293958521
2,17,4,1,14,0.0,0.0,0.0
2,17,4,2,4,0.25,0.0,-0.25
2,17,4,3,16,0.1875,0.5,0.3125
2,17,4,4,12,0.4166666666666667,0.75,0.3333333333333333
2,17,4,5,10,0.0,0.0,0.0
2,17,4,6,2,0.0,0.0,0.0
2,17,4,7,14,0.0,0.2857142857142857,0.2857142857142857
2,17,4,8,144,0.4375,0.3055555555555556,-0.13194444444444445
2,17,4,9,230,0.4260869565217391,0.3652173913043478,-0.06086956521739131
2,17,4,11,155,0.9290322580645162,0.9741935483870968,0.04516129032258064
2,17,4,12,15,0.6666666666666666,0.8666666666666667,0.2
2,17,4,13,19,0.05263157894736842,0.42105263157894735,0.3684210526315789
2,17,4,14,16,0.125,0.0625,-0.0625
2,17,4,15,10,0.7,0.7,0.0
2,17,5,0,656,0.6234756097560976,0.6615853658536586,0.038109756097560975
2,17,5,1,12,0.3333333333333333,0.3333333333333333,0.0
2,17,5,2,3,1.0,1.0,0.0
2,17,5,3,5,1.0,0.8,-0.2
2,17,5,4,12,0.6666666666666666,0.75,0.08333333333333333
2,17,5,5,5,0.0,0.0,0.0
2,17,5,6,3,0.3333333333333333,0.3333333333333333,0.0
2,17,5,7,16,0.0,0.0625,0.0625
2,17,5,8,120,0.7083333333333334,0.4666666666666667,-0.24166666666666667
2,17,5,9,136,0.5,0.22058823529411764,-0.27941176470588236
2,17,5,10,151,0.9205298013245033,0.9006622516556292,-0.019867549668874173
2,17,5,12,6,0.6666666666666666,0.6666666666666666,0.0
2,17,5,13,10,0.0,0.0,0.0
2,17,5,14,3,0.0,0.0,0.0
2,17,5,15,2,1.0,0.5,-0.5
2,17,6,0,71,0.9577464788732394,0.9577464788732394,0.0
2,17,6,1,1,0.0,1.0,1.0
2,17,6,3,3,0.3333333333333333,1.0,0.6666666666666666
2,17,6,4,1,1.0,1.0,0.0
2,17,6,7,2,0.0,0.0,0.0
2,17,6,8,10,1.0,1.0,0.0
2,17,6,9,12,0.75,0.75,0.0
2,17,6,10,16,0.875,0.875,0.0
2,17,6,11,12,1.0,1.0,0.0
2,17,6,14,1,1.0,1.0,0.0
2,17,6,15,2,1.0,1.0,0.0
2,17,7,0,92,0.8804347826086957,0.8260869565217391,-0.05434782608695652
2,17,7,1,1,0.0,0.0,0.0
2,17,7,3,2,0.0,0.0,0.0
2,17,7,7,3,0.0,0.0,0.0
2,17,7,8,4,1.0,1.0,0.0
2,17,7,9,13,1.0,1.0,0.0
2,17,7,10,14,0.7857142857142857,0.6428571428571429,-0.14285714285714285
2,17,7,11,8,0.625,0.5,-0.125
2,17,7,12,2,1.0,1.0,0.0
2,17,7,14,1,1.0,1.0,0.0
2,17,7,15,2,1.0,1.0,0.0
2,17,8,0,53,0.8301886792452831,0.9622641509433962,0.1320754716981132
2,17,8,3,2,0.5,1.0,0.5
2,17,8,7,1,0.0,0.0,0.0
2,17,8,8,6,0.8333333333333334,0.8333333333333334,0.0
2,17,8,9,13,0.7692307692307693,0.8461538461538461,0.07692307692307693
2,17,8,10,9,1.0,0.7777777777777778,-0.2222222222222222
2,17,8,11,8,0.875,0.875,0.0
2,17,8,13,1,0.0,1.0,1.0
2,17,8,15,1,1.0,1.0,0.0
2,17,9,0,52,0.9807692307692307,0.9807692307692307,0.0
2,17,9,1,2,0.0,0.0,0.0
2,17,9,3,1,0.0,0.0,0.0
2,17,9,4,1,1.0,1.0,0.0
2,17,9,7,1,0.0,0.0,0.0
2,17,9,8,9,0.8888888888888888,1.0,0.1111111111111111
2,17,9,9,8,1.0,0.875,-0.125
2,17,9,10,7,0.8571428571428571,0.7142857142857143,-0.14285714285714285
2,17,9,11,7,1.0,0.8571428571428571,-0.14285714285714285
2,17,9,12,1,1.0,1.0,0.0
2,17,9,14,1,0.0,0.0,0.0
3,3407,1,1,25,0.0,0.12,0.12
3,3407,1,2,14,0.7857142857142857,0.7857142857142857,0.0
3,3407,1,3,9,1.0,0.8888888888888888,-0.1111111111111111
3,3407,1,4,24,0.6666666666666666,0.7083333333333334,0.041666666666666664
3,3407,1,5,18,0.7222222222222222,0.7222222222222222,0.0
3,3407,1,6,3,0.6666666666666666,0.0,-0.6666666666666666
3,3407,1,7,14,0.0,0.07142857142857142,0.07142857142857142
3,3407,1,8,437,0.782608695652174,0.7139588100686499,-0.06864988558352403
3,3407,1,9,625,0.7184,0.7248,0.0064
3,3407,1,10,730,0.8972602739726028,0.9041095890410958,0.00684931506849315
3,3407,1,11,383,0.9216710182767625,0.8798955613577023,-0.04177545691906005
3,3407,1,12,30,0.5666666666666667,0.8666666666666667,0.3
3,3407,1,13,122,0.07377049180327869,0.06557377049180328,-0.00819672131147541
3,3407,1,14,32,0.34375,0.5625,0.21875
3,3407,1,15,29,0.896551724137931,0.9310344827586207,0.034482758620689655
3,3407,10,0,51,0.43137254901960786,0.7843137254901961,0.35294117647058826
3,3407,10,3,1,0.0,1.0,1.0
3,3407,10,5,1,0.0,0.0,0.0
3,3407,10,8,7,0.8571428571428571,0.42857142857142855,-0.42857142857142855
3,3407,10,9,8,0.75,0.875,0.125
3,3407,10,10,20,0.9,1.0,0.1
3,3407,10,11,10,0.7,1.0,0.3
3,3407,10,12,2,0.5,0.5,0.0
3,3407,10,13,4,0.0,0.0,0.0
3,3407,11,0,23,0.8695652173913043,1.0,0.13043478260869565
3,3407,11,8,6,0.6666666666666666,0.6666666666666666,0.0
3,3407,11,9,6,0.8333333333333334,0.6666666666666666,-0.16666666666666666
3,3407,11,10,4,1.0,1.0,0.0
3,3407,11,11,4,1.0,1.0,0.0
3,3407,11,13,1,0.0,0.0,0.0
3,3407,12,0,23,0.9565217391304348,1.0,0.043478260869565216
3,3407,12,5,1,1.0,1.0,0.0
3,3407,12,8,2,1.0,1.0,0.0
3,3407,12,9,4,0.75,1.0,0.25
3,3407,12,10,1,1.0,1.0,0.0
3,3407,12,11,3,1.0,1.0,0.0
3,3407,12,14,1,1.0,1.0,0.0
3,3407,13,0,29,0.6206896551724138,0.5172413793103449,-0.10344827586206896
3,3407,13,1,2,0.0,0.0,0.0
3,3407,13,8,7,1.0,1.0,0.0
3,3407,13,9,8,0.75,0.75,0.0
3,3407,13,10,13,0.7692307692307693,0.9230769230769231,0.15384615384615385
3,3407,13,11,5,0.6,1.0,0.4
3,3407,13,13,1,0.0,0.0,0.0
3,3407,14,0,23,0.9130434782608695,0.9130434782608695,0.0
3,3407,14,8,4,1.0,1.0,0.0
3,3407,14,9,3,1.0,0.6666666666666666,-0.3333333333333333
3,3407,14,10,6,0.6666666666666666,0.8333333333333334,0.16666666666666666
3,3407,14,11,4,1.0,1.0,0.0
3,3407,14,15,1,1.0,1.0,0.0
3,3407,15,0,9,1.0,0.8888888888888888,-0.1111111111111111
3,3407,15,2,1,1.0,1.0,0.0
3,3407,15,8,1,1.0,1.0,0.0
3,3407,15,9,4,1.0,1.0,0.0
3,3407,15,10,1,1.0,1.0,0.0
3,3407,15,11,1,1.0,1.0,0.0
3,3407,16,0,22,0.6363636363636364,0.8181818181818182,0.18181818181818182
3,3407,16,1,1,1.0,1.0,0.0
3,3407,16,3,2,0.5,1.0,0.5
3,3407,16,8,3,0.3333333333333333,0.6666666666666666,0.3333333333333333
3,3407,16,9,6,0.6666666666666666,0.8333333333333334,0.16666666666666666
3,3407,16,10,6,1.0,1.0,0.0
3,3407,16,11,7,0.8571428571428571,1.0,0.14285714285714285
3,3407,16,12,1,0.0,0.0,0.0
3,3407,2,0,775,0.8683870967741936,0.9264516129032258,0.05806451612903226
3,3407,2,1,12,0.0,0.25,0.25
3,3407,2,2,5,0.8,0.8,0.0
3,3407,2,3,1,1.0,1.0,0.0
3,3407,2,4,2,0.5,0.5,0.0
3,3407,2,5,6,0.8333333333333334,0.8333333333333334,0.0
3,3407,2,7,2,0.0,0.5,0.5
3,3407,2,9,138,0.9782608695652174,0.9710144927536232,-0.007246376811594203
3,3407,2,10,162,0.7037037037037037,0.7222222222222222,0.018518518518518517
3,3407,2,11,104,0.9230769230769231,0.9230769230769231,0.0
3,3407,2,12,8,0.75,0.75,0.0
3,3407,2,13,25,0.48,0.32,-0.16
3,3407,2,14,10,0.5,0.9,0.4
3,3407,2,15,7,1.0,1.0,0.0
3,3407,3,0,934,0.7387580299785867,0.8436830835117773,0.10492505353319058
3,3407,3,1,9,0.0,0.0,0.0
3,3407,3,2,5,0.6,0.8,0.2
3,3407,3,3,3,0.6666666666666666,0.3333333333333333,-0.3333333333333333
3,3407,3,4,5,0.4,0.4,0.0
3,3407,3,5,3,0.3333333333333333,0.3333333333333333,0.0
3,3407,3,6,1,0.0,0.0,0.0
3,3407,3,7,8,0.0,0.125,0.125
3,3407,3,8,135,0.9629629629629629,0.9629629629629629,0.0
3,3407,3,10,214,0.8177570093457944,0.8504672897196262,0.03271028037383177
3,3407,3,11,134,0.8805970149253731,0.8731343283582089,-0.007462686567164179
3,3407,3,12,6,0.3333333333333333,0.5,0.16666666666666666
3,3407,3,13,26,0.11538461538461539,0.11538461538461539,0.0
3,3407,3,14,12,0.3333333333333333,0.5,0.16666666666666666
3,3407,3,15,12,1.0,1.0,0.0
3,3407,4,0,1103,0.3871260199456029,0.47778785131459656,0.09066183136899365
3,3407,4,1,15,0.06666666666666667,0.0,-0.06666666666666667
3,3407,4,2,8,0.125,0.125,0.0
3,3407,4,3,2,0.0,0.5,0.5
3,3407,4,4,5,0.2,0.4,0.2
3,3407,4,5,3,0.0,0.0,0.0
3,3407,4,6,4,0.75,0.75,0.0
3,3407,4,7,3,0.3333333333333333,0.6666666666666666,0.3333333333333333
3,3407,4,8,155,0.25806451612903225,0.18064516129032257,-0.07741935483870968
3,3407,4,9,226,0.5221238938053098,0.6283185840707964,0.10619469026548672
3,3407,4,11,137,0.9562043795620438,0.9343065693430657,-0.021897810218978103
3,3407,4,12,10,0.8,0.8,0.0
3,3407,4,13,33,0.06060606060606061,0.0,-0.06060606060606061
3,3407,4,14,18,0.16666666666666666,0.05555555555555555,-0.1111111111111111
3,3407,4,15,8,0.5,0.5,0.0
3,3407,5,0,600,0.5766666666666667,0.6416666666666667,0.065
3,3407,5,1,9,0.0,0.0,0.0
3,3407,5,2,4,0.25,0.25,0.0
3,3407,5,3,3,1.0,1.0,0.0
3,3407,5,4,6,0.3333333333333333,0.16666666666666666,-0.16666666666666666
3,3407,5,5,4,0.25,0.0,-0.25
3,3407,5,6,2,0.0,0.0,0.0
3,3407,5,7,3,0.0,0.0,0.0
3,3407,5,8,98,0.5,0.5204081632653061,0.02040816326530612
3,3407,5,9,102,0.4019607843137255,0.7352941176470589,0.3333333333333333
3,3407,5,10,141,0.9078014184397163,0.8156028368794326,-0.09219858156028368
3,3407,5,12,5,0.6,1.0,0.4
3,3407,5,13,23,0.043478260869565216,0.0,-0.043478260869565216
3,3407,5,14,5,0.2,0.4,0.2
3,3407,5,15,8,0.875,0.875,0.0
3,3407,6,0,51,0.9019607843137255,0.9803921568627451,0.0784313725490196
3,3407,6,4,1,1.0,1.0,0.0
3,3407,6,8,5,0.6,0.8,0.2
3,3407,6,9,11,0.7272727272727273,0.9090909090909091,0.18181818181818182
3,3407,6,10,11,0.9090909090909091,0.9090909090909091,0.0
3,3407,6,11,4,1.0,1.0,0.0
3,3407,6,13,2,0.0,0.0,0.0
3,3407,6,14,1,1.0,1.0,0.0
3,3407,7,0,188,0.9308510638297872,0.9414893617021277,0.010638297872340425
3,3407,7,1,2,0.5,0.5,0.0
3,3407,7,4,1,1.0,1.0,0.0
3,3407,7,5,1,1.0,1.0,0.0
3,3407,7,7,2,0.0,0.5,0.5
3,3407,7,8,35,1.0,1.0,0.0
3,3407,7,9,28,1.0,1.0,0.0
3,3407,7,10,43,0.8604651162790697,0.7906976744186046,-0.06976744186046512
3,3407,7,11,16,0.9375,0.875,-0.0625
3,3407,7,12,3,0.6666666666666666,1.0,0.3333333333333333
3,3407,7,14,4,0.5,0.75,0.25
3,3407,7,15,1,1.0,1.0,0.0
3,3407,8,0,64,0.953125,0.921875,-0.03125
3,3407,8,3,1,1.0,1.0,0.0
3,3407,8,8,9,1.0,1.0,0.0
3,3407,8,9,14,0.9285714285714286,1.0,0.07142857142857142
3,3407,8,10,17,0.8823529411764706,0.8823529411764706,0.0
3,3407,8,11,9,1.0,1.0,0.0
3,3407,8,13,4,0.5,0.5,0.0
3,3407,9,0,55,0.9090909090909091,0.8545454545454545,-0.05454545454545454
3,3407,9,3,1,1.0,1.0,0.0
3,3407,9,4,1,0.0,0.0,0.0
3,3407,9,8,7,1.0,1.0,0.0
3,3407,9,9,8,1.0,1.0,0.0
3,3407,9,10,16,0.9375,0.8125,-0.125
3,3407,9,11,8,1.0,0.75,-0.25
3,3407,9,12,1,1.0,1.0,0.0
3,3407,9,13,2,0.5,0.5,0.0
3,3407,9,14,1,1.0,1.0,0.0
3,2026,1,1,25,0.08,0.32,0.24
3,2026,1,2,14,0.5,0.5,0.0
3,2026,1,3,9,0.7777777777777778,1.0,0.2222222222222222
3,2026,1,4,24,0.5416666666666666,0.4583333333333333,-0.08333333333333333
3,2026,1,5,18,0.7222222222222222,0.6111111111111112,-0.1111111111111111
3,2026,1,6,3,0.0,0.6666666666666666,0.6666666666666666
3,2026,1,7,14,0.0,0.14285714285714285,0.14285714285714285
3,2026,1,8,437,0.7734553775743707,0.8260869565217391,0.05263157894736842
3,2026,1,9,625,0.5872,0.744,0.1568
3,2026,1,10,730,0.6753424657534246,0.8931506849315068,0.21780821917808219
3,2026,1,11,383,0.8825065274151436,0.8120104438642297,-0.07049608355091384
3,2026,1,12,30,0.7333333333333333,0.7666666666666667,0.03333333333333333
3,2026,1,13,122,0.11475409836065574,0.05737704918032787,-0.05737704918032787
3,2026,1,14,32,0.4375,0.53125,0.09375
3,2026,1,15,29,0.9655172413793104,0.896551724137931,-0.06896551724137931
3,2026,10,0,51,0.7254901960784313,0.9019607843137255,0.17647058823529413
3,2026,10,3,1,1.0,1.0,0.0
3,2026,10,5,1,1.0,1.0,0.0
3,2026,10,8,7,0.8571428571428571,0.7142857142857143,-0.14285714285714285
3,2026,10,9,8,1.0,1.0,0.0
3,2026,10,10,20,0.95,0.9,-0.05
3,2026,10,11,10,0.8,1.0,0.2
3,2026,10,12,2,1.0,1.0,0.0
3,2026,10,13,4,0.0,0.0,0.0
3,2026,11,0,23,0.9565217391304348,0.9565217391304348,0.0
3,2026,11,8,6,0.8333333333333334,0.8333333333333334,0.0
3,2026,11,9,6,0.8333333333333334,1.0,0.16666666666666666
3,2026,11,10,4,0.75,1.0,0.25
3,2026,11,11,4,0.75,1.0,0.25
3,2026,11,13,1,0.0,0.0,0.0
3,2026,12,0,23,0.9565217391304348,0.9565217391304348,0.0
3,2026,12,5,1,1.0,1.0,0.0
3,2026,12,8,2,1.0,1.0,0.0
3,2026,12,9,4,0.75,0.75,0.0
3,2026,12,10,1,1.0,1.0,0.0
3,2026,12,11,3,1.0,1.0,0.0
3,2026,12,14,1,1.0,0.0,-1.0
3,2026,13,0,29,0.5172413793103449,0.5172413793103449,0.0
3,2026,13,1,2,0.0,0.0,0.0
3,2026,13,8,7,1.0,0.8571428571428571,-0.14285714285714285
3,2026,13,9,8,0.75,0.625,-0.125
3,2026,13,10,13,0.5384615384615384,0.7692307692307693,0.23076923076923078
3,2026,13,11,5,0.6,0.6,0.0
3,2026,13,13,1,0.0,0.0,0.0
3,2026,14,0,23,0.9565217391304348,1.0,0.043478260869565216
3,2026,14,8,4,1.0,1.0,0.0
3,2026,14,9,3,1.0,1.0,0.0
3,2026,14,10,6,0.5,1.0,0.5
3,2026,14,11,4,1.0,1.0,0.0
3,2026,14,15,1,1.0,1.0,0.0
3,2026,15,0,9,1.0,0.8888888888888888,-0.1111111111111111
3,2026,15,2,1,1.0,1.0,0.0
3,2026,15,8,1,1.0,1.0,0.0
3,2026,15,9,4,1.0,0.75,-0.25
3,2026,15,10,1,0.0,1.0,1.0
3,2026,15,11,1,1.0,1.0,0.0
3,2026,16,0,22,0.7272727272727273,1.0,0.2727272727272727
3,2026,16,1,1,0.0,1.0,1.0
3,2026,16,3,2,0.5,1.0,0.5
3,2026,16,8,3,1.0,1.0,0.0
3,2026,16,9,6,0.8333333333333334,0.6666666666666666,-0.16666666666666666
3,2026,16,10,6,1.0,1.0,0.0
3,2026,16,11,7,0.8571428571428571,1.0,0.14285714285714285
3,2026,16,12,1,0.0,0.0,0.0
3,2026,2,0,775,0.88,0.9109677419354839,0.03096774193548387
3,2026,2,1,12,0.0,0.16666666666666666,0.16666666666666666
3,2026,2,2,5,0.6,0.2,-0.4
3,2026,2,3,1,1.0,1.0,0.0
3,2026,2,4,2,0.0,0.0,0.0
3,2026,2,5,6,0.8333333333333334,0.8333333333333334,0.0
3,2026,2,7,2,0.0,0.5,0.5
3,2026,2,9,138,0.9202898550724637,0.9637681159420289,0.043478260869565216
3,2026,2,10,162,0.5,0.9197530864197531,0.41975308641975306
3,2026,2,11,104,0.7884615384615384,0.8653846153846154,0.07692307692307693
3,2026,2,12,8,0.875,0.875,0.0
3,2026,2,13,25,0.52,0.48,-0.04
3,2026,2,14,10,0.5,0.5,0.0
3,2026,2,15,7,1.0,1.0,0.0
3,2026,3,0,934,0.7430406852248393,0.815845824411135,0.0728051391862955
3,2026,3,1,9,0.0,0.1111111111111111,0.1111111111111111
3,2026,3,2,5,0.4,0.4,0.0
3,2026,3,3,3,0.3333333333333333,1.0,0.6666666666666666
3,2026,3,4,5,0.2,0.6,0.4
3,2026,3,5,3,0.6666666666666666,0.0,-0.6666666666666666
3,2026,3,6,1,0.0,0.0,0.0
3,2026,3,7,8,0.0,0.25,0.25
3,2026,3,8,135,0.9703703703703703,0.9703703703703703,0.0
3,2026,3,10,214,0.5607476635514018,0.9018691588785047,0.3411214953271028
3,2026,3,11,134,0.8059701492537313,0.9029850746268657,0.09701492537313433
3,2026,3,12,6,0.5,0.8333333333333334,0.3333333333333333
3,2026,3,13,26,0.23076923076923078,0.11538461538461539,-0.11538461538461539
3,2026,3,14,12,0.4166666666666667,0.25,-0.16666666666666666
3,2026,3,15,12,1.0,1.0,0.0
3,2026,4,0,1103,0.4986400725294651,0.6255666364460563,0.12692656391659113
3,2026,4,1,15,0.06666666666666667,0.06666666666666667,0.0
3,2026,4,2,8,0.25,0.25,0.0
3,2026,4,3,2,0.5,0.5,0.0
3,2026,4,4,5,0.4,0.6,0.2
3,2026,4,5,3,0.0,0.0,0.0
3,2026,4,6,4,0.75,1.0,0.25
3,2026,4,7,3,0.0,0.6666666666666666,0.6666666666666666
3,2026,4,8,155,0.567741935483871,0.47096774193548385,-0.0967741935483871
3,2026,4,9,226,0.7256637168141593,0.6946902654867256,-0.030973451327433628
3,2026,4,11,137,0.927007299270073,0.9416058394160584,0.014598540145985401
3,2026,4,12,10,0.9,0.9,0.0
3,2026,4,13,33,0.09090909090909091,0.030303030303030304,-0.06060606060606061
3,2026,4,14,18,0.3333333333333333,0.3333333333333333,0.0
3,2026,4,15,8,0.75,0.5,-0.25
3,2026,5,0,600,0.7233333333333334,0.7033333333333334,-0.02
3,2026,5,1,9,0.0,0.0,0.0
3,2026,5,2,4,0.25,0.5,0.25
3,2026,5,3,3,0.6666666666666666,1.0,0.3333333333333333
3,2026,5,4,6,0.16666666666666666,0.3333333333333333,0.16666666666666666
3,2026,5,5,4,0.0,0.0,0.0
3,2026,5,6,2,0.0,0.5,0.5
3,2026,5,7,3,0.0,0.0,0.0
3,2026,5,8,98,0.5816326530612245,0.6122448979591837,0.030612244897959183
3,2026,5,9,102,0.5490196078431373,0.49019607843137253,-0.058823529411764705
3,2026,5,10,141,0.9219858156028369,0.9148936170212766,-0.0070921985815602835
3,2026,5,12,5,1.0,1.0,0.0
3,2026,5,13,23,0.043478260869565216,0.0,-0.043478260869565216
3,2026,5,14,5,0.4,0.4,0.0
3,2026,5,15,8,0.875,0.875,0.0
3,2026,6,0,51,0.9215686274509803,0.9803921568627451,0.058823529411764705
3,2026,6,4,1,1.0,1.0,0.0
3,2026,6,8,5,0.8,1.0,0.2
3,2026,6,9,11,0.8181818181818182,0.9090909090909091,0.09090909090909091
3,2026,6,10,11,0.6363636363636364,1.0,0.36363636363636365
3,2026,6,11,4,1.0,1.0,0.0
3,2026,6,13,2,0.0,0.0,0.0
3,2026,6,14,1,1.0,1.0,0.0
3,2026,7,0,188,0.9627659574468085,0.9574468085106383,-0.005319148936170213
3,2026,7,1,2,0.0,0.5,0.5
3,2026,7,4,1,0.0,0.0,0.0
3,2026,7,5,1,1.0,1.0,0.0
3,2026,7,7,2,0.0,1.0,1.0
3,2026,7,8,35,1.0,1.0,0.0
3,2026,7,9,28,0.9642857142857143,1.0,0.03571428571428571
3,2026,7,10,43,0.5116279069767442,0.9302325581395349,0.4186046511627907
3,2026,7,11,16,0.75,0.875,0.125
3,2026,7,12,3,1.0,1.0,0.0
3,2026,7,14,4,0.5,0.75,0.25
3,2026,7,15,1,1.0,1.0,0.0
3,2026,8,0,64,0.9375,0.984375,0.046875
3,2026,8,3,1,1.0,1.0,0.0
3,2026,8,8,9,1.0,1.0,0.0
3,2026,8,9,14,0.8571428571428571,0.9285714285714286,0.07142857142857142
3,2026,8,10,17,0.5882352941176471,0.8823529411764706,0.29411764705882354
3,2026,8,11,9,1.0,1.0,0.0
3,2026,8,13,4,0.5,0.5,0.0
3,2026,9,0,55,0.9090909090909091,0.9090909090909091,0.0
3,2026,9,3,1,1.0,1.0,0.0
3,2026,9,4,1,0.0,0.0,0.0
3,2026,9,8,7,1.0,0.8571428571428571,-0.14285714285714285
3,2026,9,9,8,0.75,1.0,0.25
3,2026,9,10,16,0.8125,1.0,0.1875
3,2026,9,11,8,0.875,0.875,0.0
3,2026,9,12,1,1.0,1.0,0.0
3,2026,9,13,2,0.5,0.5,0.0
3,2026,9,14,1,1.0,1.0,0.0
3,17,1,1,25,0.32,0.0,-0.32
3,17,1,2,14,0.9285714285714286,0.5,-0.42857142857142855
3,17,1,3,9,0.5555555555555556,1.0,0.4444444444444444
3,17,1,4,24,0.4583333333333333,0.75,0.2916666666666667
3,17,1,5,18,0.5555555555555556,0.7777777777777778,0.2222222222222222
3,17,1,6,3,0.6666666666666666,0.3333333333333333,-0.3333333333333333
3,17,1,7,14,0.0,0.0,0.0
3,17,1,8,437,0.8810068649885584,0.8535469107551488,-0.02745995423340961
3,17,1,9,625,0.7952,0.7536,-0.0416
3,17,1,10,730,0.8794520547945206,0.8945205479452055,0.015068493150684932
3,17,1,11,383,0.7127937336814621,0.9138381201044387,0.2010443864229765
3,17,1,12,30,0.43333333333333335,0.7666666666666667,0.3333333333333333
3,17,1,13,122,0.13114754098360656,0.10655737704918032,-0.02459016393442623
3,17,1,14,32,0.34375,0.15625,-0.1875
3,17,1,15,29,0.896551724137931,0.9310344827586207,0.034482758620689655
3,17,10,0,51,0.6666666666666666,0.8431372549019608,0.17647058823529413
3,17,10,3,1,0.0,1.0,1.0
3,17,10,5,1,1.0,0.0,-1.0
3,17,10,8,7,0.8571428571428571,0.7142857142857143,-0.14285714285714285
3,17,10,9,8,1.0,1.0,0.0
3,17,10,10,20,0.9,0.95,0.05
3,17,10,11,10,0.7,1.0,0.3
3,17,10,12,2,0.5,1.0,0.5
3,17,10,13,4,0.0,0.0,0.0
3,17,11,0,23,0.9565217391304348,0.9565217391304348,0.0
3,17,11,8,6,0.8333333333333334,0.6666666666666666,-0.16666666666666666
3,17,11,9,6,0.6666666666666666,1.0,0.3333333333333333
3,17,11,10,4,1.0,0.75,-0.25
3,17,11,11,4,1.0,1.0,0.0
3,17,11,13,1,0.0,0.0,0.0
3,17,12,0,23,1.0,0.9130434782608695,-0.08695652173913043
3,17,12,5,1,1.0,1.0,0.0
3,17,12,8,2,0.5,1.0,0.5
3,17,12,9,4,1.0,1.0,0.0
3,17,12,10,1,1.0,1.0,0.0
3,17,12,11,3,1.0,1.0,0.0
3,17,12,14,1,0.0,0.0,0.0
3,17,13,0,29,0.6896551724137931,0.5172413793103449,-0.1724137931034483
3,17,13,1,2,0.0,0.0,0.0
3,17,13,8,7,1.0,1.0,0.0
3,17,13,9,8,0.75,0.75,0.0
3,17,13,10,13,0.9230769230769231,0.8461538461538461,-0.07692307692307693
3,17,13,11,5,0.6,0.8,0.2
3,17,13,13,1,0.0,0.0,0.0
3,17,14,0,23,0.782608695652174,0.782608695652174,0.0
3,17,14,8,4,1.0,1.0,0.0
3,17,14,9,3,1.0,1.0,0.0
3,17,14,10,6,0.8333333333333334,0.8333333333333334,0.0
3,17,14,11,4,1.0,1.0,0.0
3,17,14,15,1,1.0,1.0,0.0
3,17,15,0,9,1.0,0.8888888888888888,-0.1111111111111111
3,17,15,2,1,1.0,1.0,0.0
3,17,15,8,1,1.0,1.0,0.0
3,17,15,9,4,1.0,1.0,0.0
3,17,15,10,1,1.0,1.0,0.0
3,17,15,11,1,1.0,1.0,0.0
3,17,16,0,22,0.5,0.8181818181818182,0.3181818181818182
3,17,16,1,1,1.0,0.0,-1.0
3,17,16,3,2,0.0,1.0,1.0
3,17,16,8,3,0.6666666666666666,0.6666666666666666,0.0
3,17,16,9,6,0.8333333333333334,0.8333333333333334,0.0
3,17,16,10,6,1.0,1.0,0.0
3,17,16,11,7,0.8571428571428571,0.7142857142857143,-0.14285714285714285
3,17,16,12,1,0.0,0.0,0.0
3,17,2,0,775,0.8787096774193548,0.8838709677419355,0.005161290322580645
3,17,2,1,12,0.25,0.0,-0.25
3,17,2,2,5,0.8,0.8,0.0
3,17,2,3,1,1.0,1.0,0.0
3,17,2,4,2,0.5,0.5,0.0
3,17,2,5,6,0.8333333333333334,1.0,0.16666666666666666
3,17,2,7,2,0.0,0.0,0.0
3,17,2,9,138,0.9637681159420289,0.9420289855072463,-0.021739130434782608
3,17,2,10,162,0.7407407407407407,0.6358024691358025,-0.10493827160493827
3,17,2,11,104,0.8076923076923077,0.8653846153846154,0.057692307692307696
3,17,2,12,8,0.625,0.875,0.25
3,17,2,13,25,0.6,0.44,-0.16
3,17,2,14,10,0.6,0.6,0.0
3,17,2,15,7,1.0,0.8571428571428571,-0.14285714285714285
3,17,3,0,934,0.6927194860813705,0.7805139186295503,0.08779443254817987
3,17,3,1,9,0.1111111111111111,0.0,-0.1111111111111111
3,17,3,2,5,0.6,0.4,-0.2
3,17,3,3,3,0.3333333333333333,1.0,0.6666666666666666
3,17,3,4,5,0.2,0.4,0.2
3,17,3,5,3,0.6666666666666666,0.0,-0.6666666666666666
3,17,3,6,1,0.0,0.0,0.0
3,17,3,7,8,0.0,0.0,0.0
3,17,3,8,135,0.9925925925925926,0.9777777777777777,-0.014814814814814815
3,17,3,10,214,0.8551401869158879,0.8084112149532711,-0.04672897196261682
3,17,3,11,134,0.7388059701492538,0.8805970149253731,0.1417910447761194
3,17,3,12,6,0.16666666666666666,0.3333333333333333,0.16666666666666666
3,17,3,13,26,0.15384615384615385,0.11538461538461539,-0.038461538461538464
3,17,3,14,12,0.4166666666666667,0.5,0.08333333333333333
3,17,3,15,12,1.0,1.0,0.0
3,17,4,0,1103,0.49229374433363554,0.514052583862194,0.021758839528558477
3,17,4,1,15,0.13333333333333333,0.0,-0.13333333333333333
3,17,4,2,8,0.625,0.125,-0.5
3,17,4,3,2,0.5,1.0,0.5
3,17,4,4,5,0.0,0.4,0.4
3,17,4,5,3,0.0,0.0,0.0
3,17,4,6,4,0.5,0.5,0.0
3,17,4,7,3,0.3333333333333333,0.0,-0.3333333333333333
3,17,4,8,155,0.45161290322580644,0.36774193548387096,-0.08387096774193549
3,17,4,9,226,0.5486725663716814,0.7389380530973452,0.1902654867256637
3,17,4,11,137,0.656934306569343,0.9781021897810219,0.32116788321167883
3,17,4,12,10,0.8,0.8,0.0
3,17,4,13,33,0.0,0.0,0.0
3,17,4,14,18,0.1111111111111111,0.16666666666666666,0.05555555555555555
3,17,4,15,8,0.875,0.5,-0.375
3,17,5,0,600,0.8133333333333334,0.6966666666666667,-0.11666666666666667
3,17,5,1,9,0.1111111111111111,0.0,-0.1111111111111111
3,17,5,2,4,0.75,0.5,-0.25
3,17,5,3,3,0.6666666666666666,1.0,0.3333333333333333
3,17,5,4,6,0.16666666666666666,0.16666666666666666,0.0
3,17,5,5,4,0.0,0.0,0.0
3,17,5,6,2,0.0,0.0,0.0
3,17,5,7,3,0.0,0.0,0.0
3,17,5,8,98,0.5612244897959183,0.7142857142857143,0.15306122448979592
3,17,5,9,102,0.5784313725490197,0.7745098039215687,0.19607843137254902
3,17,5,10,141,0.9148936170212766,0.900709219858156,-0.014184397163120567
3,17,5,12,5,0.4,0.8,0.4
3,17,5,13,23,0.043478260869565216,0.043478260869565216,0.0
3,17,5,14,5,0.0,0.4,0.4
3,17,5,15,8,0.875,0.875,0.0
3,17,6,0,51,0.9607843137254902,0.9803921568627451,0.0196078431372549
3,17,6,4,1,0.0,1.0,1.0
3,17,6,8,5,1.0,0.8,-0.2
3,17,6,9,11,0.8181818181818182,0.9090909090909091,0.09090909090909091
3,17,6,10,11,0.8181818181818182,0.7272727272727273,-0.09090909090909091
3,17,6,11,4,1.0,1.0,0.0
3,17,6,13,2,0.0,0.0,0.0
3,17,6,14,1,0.0,1.0,1.0
3,17,7,0,188,0.9095744680851063,0.9361702127659575,0.026595744680851064
3,17,7,1,2,0.5,0.5,0.0
3,17,7,4,1,1.0,0.0,-1.0
3,17,7,5,1,1.0,1.0,0.0
3,17,7,7,2,0.0,0.5,0.5
3,17,7,8,35,1.0,1.0,0.0
3,17,7,9,28,1.0,0.9285714285714286,-0.07142857142857142
3,17,7,10,43,0.813953488372093,0.7674418604651163,-0.046511627906976744
3,17,7,11,16,0.6875,0.6875,0.0
3,17,7,12,3,0.6666666666666666,1.0,0.3333333333333333
3,17,7,14,4,0.75,0.75,0.0
3,17,7,15,1,1.0,1.0,0.0
3,17,8,0,64,0.890625,0.890625,0.0
3,17,8,3,1,1.0,1.0,0.0
3,17,8,8,9,1.0,1.0,0.0
3,17,8,9,14,1.0,0.8571428571428571,-0.14285714285714285
3,17,8,10,17,0.8823529411764706,0.7647058823529411,-0.11764705882352941
3,17,8,11,9,0.8888888888888888,1.0,0.1111111111111111
3,17,8,13,4,0.5,0.25,-0.25
3,17,9,0,55,0.8727272727272727,0.8545454545454545,-0.01818181818181818
3,17,9,3,1,1.0,1.0,0.0
3,17,9,4,1,0.0,0.0,0.0
3,17,9,8,7,1.0,1.0,0.0
3,17,9,9,8,0.875,0.875,0.0
3,17,9,10,16,0.8125,0.6875,-0.125
3,17,9,11,8,0.75,0.75,0.0
3,17,9,12,1,1.0,1.0,0.0
3,17,9,13,2,0.5,0.5,0.0
3,17,9,14,1,1.0,1.0,0.0
